source_mat_id_orig,samp_description,tax_id,scientific_name,investigation_type,env_material,collection_date,sampling_event,sampl_person,sampl_person_orcid,tidal_stage,comm_samp,depth,replicate,size_frac_low,size_frac_up,samp_collect_device,samp_mat_process,samp_mat_process_dev,samp_store_date,samp_store_loc,samp_store_temp,store_person,store_person_orcid,other_person,other_person_orcid,long_store,samp_size_mass,ship_date,arr_date_hq,store_temp_hq,ship_date_seq,arr_date_seq,failure,failure_comment,ENA_accession_number_sample,source_mat_id
EMOBON-210701-330-SoSOP3-Meio-R1,EMOBON mimarks-specimen sediment sample from station BPNS collected on 2021-07-01 community collected meio,http://example.com/33208,Metazoa,mimarks-specimen,sediment [ENVO:00002007],2021-07-01,http://example.com/BPNS_So_210701,Lara Macheriotou,https://orcid.org/0000-0002-5662-5689,ebb_tide,meio,23.09,1,0.32,NA,Van Veen Grab,SoSOP3,NA,2021-07-01,"UGent MarBiol Freezer #11, Box#65",-20,Lara Macheriotou,https://orcid.org/0000-0002-5662-5689,Annelien Rigaux,NA,false,340,2021-12-01,2021-12-03,-20,2022-07-18,2023-07-18,,,,http://example.com/EMOBON_BPNS_So_210701_meio_1
EMOBON-210701-330-SoSOP3-Meio-R2,EMOBON mimarks-specimen sediment sample from station BPNS collected on 2021-07-01 community collected meio,http://example.com/33208,Metazoa,mimarks-specimen,sediment [ENVO:00002007],2021-07-01,http://example.com/BPNS_So_210701,Lara Macheriotou,https://orcid.org/0000-0002-5662-5689,ebb_tide,meio,23.09,2,0.32,NA,Van Veen Grab,SoSOP3,NA,2021-07-01,"UGent MarBiol Freezer #11, Box#65",-20,Lara Macheriotou,https://orcid.org/0000-0002-5662-5689,Annelien Rigaux,NA,false,470,2021-12-01,2021-12-03,-20,2022-07-18,2023-07-18,,,,http://example.com/EMOBON_BPNS_So_210701_meio_2
EMOBON-210701-330-SoSOP3-Meio-R3,EMOBON mimarks-specimen sediment sample from station BPNS collected on 2021-07-01 community collected meio,http://example.com/33208,Metazoa,mimarks-specimen,sediment [ENVO:00002007],2021-07-01,http://example.com/BPNS_So_210701,Lara Macheriotou,https://orcid.org/0000-0002-5662-5689,ebb_tide,meio,23.09,3,0.32,NA,Van Veen Grab,SoSOP3,NA,2021-07-01,"UGent MarBiol Freezer #11, Box#65",-20,Lara Macheriotou,https://orcid.org/0000-0002-5662-5689,Annelien Rigaux,NA,true,405,NA,NA,NA,NA,NA,NA,NA,NA,http://example.com/EMOBON_BPNS_So_210701_meio_3
EMOBON-210701-330-SoSOP3-Meio-R4,EMOBON mimarks-specimen sediment sample from station BPNS collected on 2021-07-01 community collected meio,http://example.com/33208,Metazoa,mimarks-specimen,sediment [ENVO:00002007],2021-07-01,http://example.com/BPNS_So_210701,Lara Macheriotou,https://orcid.org/0000-0002-5662-5689,ebb_tide,meio,23.09,4,0.32,NA,Van Veen Grab,SoSOP3,NA,2021-07-01,"UGent MarBiol Freezer #11, Box#65",-20,Lara Macheriotou,https://orcid.org/0000-0002-5662-5689,Annelien Rigaux,NA,true,300,NA,NA,NA,NA,NA,NA,NA,NA,http://example.com/EMOBON_BPNS_So_210701_meio_4
EMOBON-210726-330-SoSOP3-Micro-R1,EMOBON metagenome sediment sample from station BPNS collected on 2021-07-26 community collected micro,http://example.com/412755,marine sediment metagenome,metagenome,sediment [ENVO:00002007],2021-07-26,http://example.com/BPNS_So_210726,Jonas Mortelmans,https://orcid.org/0000-0002-8781-7915,flood_tide,micro,22.94,1,NA,NA,Van Veen Grab,SoSOP3,NA,2021-07-26,MSO LifeWatch Lab -80 Freezer,-80,Jonas Mortelmans,https://orcid.org/0000-0002-8781-7915,NA,NA,false,NA,2021-10-05,2021-10-08,-70,2021-11-24,2021-11-24,false,NA,,http://example.com/EMOBON_BPNS_So_210726_micro_1
EMOBON-210726-330-SoSOP3-Micro-R2,EMOBON metagenome sediment sample from station BPNS collected on 2021-07-26 community collected micro,http://example.com/412755,marine sediment metagenome,metagenome,sediment [ENVO:00002007],2021-07-26,http://example.com/BPNS_So_210726,Jonas Mortelmans,https://orcid.org/0000-0002-8781-7915,flood_tide,micro,22.94,2,NA,NA,Van Veen Grab,SoSOP3,NA,2021-07-26,MSO LifeWatch Lab -80 Freezer,-80,Jonas Mortelmans,https://orcid.org/0000-0002-8781-7915,NA,NA,false,NA,2021-10-05,2021-10-08,-70,2021-11-24,2021-11-24,false,NA,,http://example.com/EMOBON_BPNS_So_210726_micro_2
EMOBON-210726-330-SoSOP3-Micro-R3,EMOBON metagenome sediment sample from station BPNS collected on 2021-07-26 community collected micro,http://example.com/412755,marine sediment metagenome,metagenome,sediment [ENVO:00002007],2021-07-26,http://example.com/BPNS_So_210726,Jonas Mortelmans,https://orcid.org/0000-0002-8781-7915,flood_tide,micro,22.94,3,NA,NA,Van Veen Grab,SoSOP3,NA,2021-07-26,MSO LifeWatch Lab -80 Freezer,-80,Jonas Mortelmans,https://orcid.org/0000-0002-8781-7915,NA,NA,true,NA,NA,NA,NA,NA,NA,NA,NA,NA,http://example.com/EMOBON_BPNS_So_210726_micro_3
EMOBON-210726-330-SoSOP3-Micro-R4,EMOBON metagenome sediment sample from station BPNS collected on 2021-07-26 community collected micro,http://example.com/412755,marine sediment metagenome,metagenome,sediment [ENVO:00002007],2021-07-26,http://example.com/BPNS_So_210726,Jonas Mortelmans,https://orcid.org/0000-0002-8781-7915,flood_tide,micro,22.94,4,NA,NA,Van Veen Grab,SoSOP3,NA,2021-07-26,MSO LifeWatch Lab -80 Freezer,-80,Jonas Mortelmans,https://orcid.org/0000-0002-8781-7915,NA,NA,true,NA,NA,NA,NA,NA,NA,NA,NA,NA,http://example.com/EMOBON_BPNS_So_210726_micro_4
EMOBON-210726-330-SoSOP3-Micro-B1,EMOBON metagenome sediment sample from station BPNS collected on 2021-07-26 community collected micro,http://example.com/32644,unidentified,metagenome,sediment [ENVO:00002007],2021-07-26,http://example.com/BPNS_So_210726,Jonas Mortelmans,https://orcid.org/0000-0002-8781-7915,flood_tide,micro,22.94,blank,NA,NA,Van Veen Grab,SoSOP3,NA,2021-07-26,MSO LifeWatch Lab -80 Freezer,-80,Jonas Mortelmans,https://orcid.org/0000-0002-8781-7915,NA,NA,false,NA,NA,NA,NA,NA,NA,NA,NA,NA,http://example.com/EMOBON_BPNS_So_210726_micro_blank
EMOBON-210726-330-SoSOP3-Micro-B2,EMOBON metagenome sediment sample from station BPNS collected on 2021-07-26 community collected micro,http://example.com/32644,unidentified,metagenome,sediment [ENVO:00002007],2021-07-26,http://example.com/BPNS_So_210726,Jonas Mortelmans,https://orcid.org/0000-0002-8781-7915,flood_tide,micro,22.94,blank,NA,NA,Van Veen Grab,SoSOP3,NA,2021-07-26,MSO LifeWatch Lab -80 Freezer,-80,Jonas Mortelmans,https://orcid.org/0000-0002-8781-7915,NA,NA,false,NA,NA,NA,NA,NA,NA,NA,NA,NA,http://example.com/EMOBON_BPNS_So_210726_micro_blank
EMOBON-210825-330-SoSOP3-Micro-R1,EMOBON metagenome sediment sample from station BPNS collected on 2021-08-25 community collected micro,http://example.com/412755,marine sediment metagenome,metagenome,sediment [ENVO:00002007],2021-08-25,http://example.com/BPNS_So_210825,Sander Delacauw,https://orcid.org/0000-0002-5400-2891,ebb_tide,micro,20.54,1,NA,NA,Van Veen Grab,SoSOP3,Tube broke,NA,NA,NA,NA,NA,NA,NA,NA,NA,NA,NA,NA,NA,NA,true,tube broke,NA,http://example.com/EMOBON_BPNS_So_210825_micro_1
EMOBON-210825-330-SoSOP3-Micro-R2,EMOBON metagenome sediment sample from station BPNS collected on 2021-08-25 community collected micro,http://example.com/412755,marine sediment metagenome,metagenome,sediment [ENVO:00002007],2021-08-25,http://example.com/BPNS_So_210825,Sander Delacauw,https://orcid.org/0000-0002-5400-2891,ebb_tide,micro,20.54,2,NA,NA,Van Veen Grab,SoSOP3,NA,2021-08-25,MSO LifeWatch Lab -80 Freezer,-80,Sander Delacauw,https://orcid.org/0000-0002-5400-2891,Rune Lagaisse,https://orcid.org/0000-0001-9191-9140,false,NA,2021-10-05,2021-10-08,-70,2021-11-24,2021-11-24,true,low yields; seq library prep failed,,http://example.com/EMOBON_BPNS_So_210825_micro_2
EMOBON-210825-330-SoSOP3-Micro-R3,EMOBON metagenome sediment sample from station BPNS collected on 2021-08-25 community collected micro,http://example.com/412755,marine sediment metagenome,metagenome,sediment [ENVO:00002007],2021-08-25,http://example.com/BPNS_So_210825,Sander Delacauw,https://orcid.org/0000-0002-5400-2891,ebb_tide,micro,20.54,3,NA,NA,Van Veen Grab,SoSOP3,NA,2021-08-25,MSO LifeWatch Lab -80 Freezer,-80,Sander Delacauw,https://orcid.org/0000-0002-5400-2891,Rune Lagaisse,https://orcid.org/0000-0001-9191-9140,true,NA,2021-10-05,2021-10-08,-70,2021-11-24,2021-11-24,false,NA,,http://example.com/EMOBON_BPNS_So_210825_micro_3
EMOBON-210825-330-SoSOP3-Micro-R4,EMOBON metagenome sediment sample from station BPNS collected on 2021-08-25 community collected micro,http://example.com/412755,marine sediment metagenome,metagenome,sediment [ENVO:00002007],2021-08-25,http://example.com/BPNS_So_210825,Sander Delacauw,https://orcid.org/0000-0002-5400-2891,ebb_tide,micro,20.54,4,NA,NA,Van Veen Grab,SoSOP3,NA,2021-08-25,MSO LifeWatch Lab -80 Freezer,-80,Sander Delacauw,https://orcid.org/0000-0002-5400-2891,Rune Lagaisse,https://orcid.org/0000-0001-9191-9140,true,NA,NA,NA,NA,NA,NA,NA,NA,NA,http://example.com/EMOBON_BPNS_So_210825_micro_4
EMOBON-210825-330-SoSOP3-Micro-B1,EMOBON metagenome sediment sample from station BPNS collected on 2021-08-25 community collected micro,http://example.com/32644,unidentified,metagenome,sediment [ENVO:00002007],2021-08-25,http://example.com/BPNS_So_210825,Sander Delacauw,https://orcid.org/0000-0002-5400-2891,ebb_tide,micro,20.54,blank,NA,NA,Van Veen Grab,SoSOP3,NA,2021-08-25,MSO LifeWatch Lab -80 Freezer,-80,Sander Delacauw,https://orcid.org/0000-0002-5400-2891,Rune Lagaisse,https://orcid.org/0000-0001-9191-9140,false,NA,NA,NA,NA,NA,NA,NA,NA,NA,http://example.com/EMOBON_BPNS_So_210825_micro_blank
EMOBON-210825-330-SoSOP3-Micro-B2,EMOBON metagenome sediment sample from station BPNS collected on 2021-08-25 community collected micro,http://example.com/32644,unidentified,metagenome,sediment [ENVO:00002007],2021-08-25,http://example.com/BPNS_So_210825,Sander Delacauw,https://orcid.org/0000-0002-5400-2891,ebb_tide,micro,20.54,blank,NA,NA,Van Veen Grab,SoSOP3,NA,2021-08-25,MSO LifeWatch Lab -80 Freezer,-80,Sander Delacauw,https://orcid.org/0000-0002-5400-2891,Rune Lagaisse,https://orcid.org/0000-0001-9191-9140,false,NA,NA,NA,NA,NA,NA,NA,NA,NA,http://example.com/EMOBON_BPNS_So_210825_micro_blank
EMOBON-211028-BPNS-So3-Micro-R1,EMOBON metagenome sediment sample from station BPNS collected on 2021-10-28 community collected micro,http://example.com/412755,marine sediment metagenome,metagenome,sediment [ENVO:00002007],2021-10-28,http://example.com/BPNS_So_211028,Sander Delacauw,https://orcid.org/0000-0002-5400-2891,ebb_tide,micro,18.66,1,NA,NA,Van Veen Grab,SoSOP3,NA,2021-10-28,MSO LifeWatch Lab -80 Freezer,-80,Sander Delacauw,https://orcid.org/0000-0002-5400-2891,Rune Lagaisse,https://orcid.org/0000-0001-9191-9140,false,NA,2022-01-10,2022-01-18,-70,2022-02-22,2022-02-23,false,NA,,http://example.com/EMOBON_BPNS_So_211028_micro_1
EMOBON-211028-BPNS-So3-Micro-R2,EMOBON metagenome sediment sample from station BPNS collected on 2021-10-28 community collected micro,http://example.com/412755,marine sediment metagenome,metagenome,sediment [ENVO:00002007],2021-10-28,http://example.com/BPNS_So_211028,Sander Delacauw,https://orcid.org/0000-0002-5400-2891,ebb_tide,micro,18.66,2,NA,NA,Van Veen Grab,SoSOP3,NA,2021-10-28,MSO LifeWatch Lab -80 Freezer,-80,Sander Delacauw,https://orcid.org/0000-0002-5400-2891,Rune Lagaisse,https://orcid.org/0000-0001-9191-9140,false,NA,2022-01-10,2022-01-18,-70,2022-02-22,2022-02-23,false,NA,,http://example.com/EMOBON_BPNS_So_211028_micro_2
EMOBON-211028-BPNS-So3-Micro-R3,EMOBON metagenome sediment sample from station BPNS collected on 2021-10-28 community collected micro,http://example.com/412755,marine sediment metagenome,metagenome,sediment [ENVO:00002007],2021-10-28,http://example.com/BPNS_So_211028,Sander Delacauw,https://orcid.org/0000-0002-5400-2891,ebb_tide,micro,18.66,3,NA,NA,Van Veen Grab,SoSOP3,NA,2021-10-28,MSO LifeWatch Lab -80 Freezer,-80,Sander Delacauw,https://orcid.org/0000-0002-5400-2891,Rune Lagaisse,https://orcid.org/0000-0001-9191-9140,true,NA,NA,NA,NA,NA,NA,NA,NA,NA,http://example.com/EMOBON_BPNS_So_211028_micro_3
EMOBON-211028-BPNS-So3-Micro-R4,EMOBON metagenome sediment sample from station BPNS collected on 2021-10-28 community collected micro,http://example.com/412755,marine sediment metagenome,metagenome,sediment [ENVO:00002007],2021-10-28,http://example.com/BPNS_So_211028,Sander Delacauw,https://orcid.org/0000-0002-5400-2891,ebb_tide,micro,18.66,4,NA,NA,Van Veen Grab,SoSOP3,NA,2021-10-28,MSO LifeWatch Lab -80 Freezer,-80,Sander Delacauw,https://orcid.org/0000-0002-5400-2891,Rune Lagaisse,https://orcid.org/0000-0001-9191-9140,true,NA,NA,NA,NA,NA,NA,NA,NA,NA,http://example.com/EMOBON_BPNS_So_211028_micro_4
EMOBON-211028-BPNS-So3-Micro-B1,EMOBON metagenome sediment sample from station BPNS collected on 2021-10-28 community collected micro,http://example.com/32644,unidentified,metagenome,sediment [ENVO:00002007],2021-10-28,http://example.com/BPNS_So_211028,Sander Delacauw,https://orcid.org/0000-0002-5400-2891,ebb_tide,micro,18.66,blank,NA,NA,Van Veen Grab,SoSOP3,NA,2021-10-28,MSO LifeWatch Lab -80 Freezer,-80,Sander Delacauw,https://orcid.org/0000-0002-5400-2891,Rune Lagaisse,https://orcid.org/0000-0001-9191-9140,false,NA,NA,NA,NA,NA,NA,NA,NA,NA,http://example.com/EMOBON_BPNS_So_211028_micro_blank
EMOBON-211028-BPNS-So3-Micro-B2,EMOBON metagenome sediment sample from station BPNS collected on 2021-10-28 community collected micro,http://example.com/32644,unidentified,metagenome,sediment [ENVO:00002007],2021-10-28,http://example.com/BPNS_So_211028,Sander Delacauw,https://orcid.org/0000-0002-5400-2891,ebb_tide,micro,18.66,blank,NA,NA,Van Veen Grab,SoSOP3,NA,2021-10-28,MSO LifeWatch Lab -80 Freezer,-80,Sander Delacauw,https://orcid.org/0000-0002-5400-2891,Rune Lagaisse,https://orcid.org/0000-0001-9191-9140,false,NA,NA,NA,NA,NA,NA,NA,NA,NA,http://example.com/EMOBON_BPNS_So_211028_micro_blank
EMOBON-211028-BPNS-So3-Macro-R1,EMOBON mimarks-specimen sediment sample from station BPNS collected on 2021-10-28 community collected macro,http://example.com/33208,Metazoa,mimarks-specimen,sediment [ENVO:00002007],2021-10-28,http://example.com/BPNS_So_211028,Sander Delacauw,https://orcid.org/0000-0002-5400-2891,ebb_tide,macro,19.42,1,NA,NA,Van Veen Grab,SoSOP3,NA,2021-10-28,MSO LifeWatch Lab -20 Freezer 3,-20,Sander Delacauw,https://orcid.org/0000-0002-5400-2891,Rune Lagaisse,https://orcid.org/0000-0001-9191-9140,false,NA,2022-01-10,2022-01-18,4,,,,,,http://example.com/EMOBON_BPNS_So_211028_macro_1
EMOBON-211028-BPNS-So3-Macro-R2,EMOBON mimarks-specimen sediment sample from station BPNS collected on 2021-10-28 community collected macro,http://example.com/33208,Metazoa,mimarks-specimen,sediment [ENVO:00002007],2021-10-28,http://example.com/BPNS_So_211028,Sander Delacauw,https://orcid.org/0000-0002-5400-2891,ebb_tide,macro,19.42,2,NA,NA,Van Veen Grab,SoSOP3,NA,2021-10-28,MSO LifeWatch Lab -20 Freezer 3,-20,Sander Delacauw,https://orcid.org/0000-0002-5400-2891,Rune Lagaisse,https://orcid.org/0000-0001-9191-9140,false,NA,2022-01-10,2022-01-18,4,,,,,,http://example.com/EMOBON_BPNS_So_211028_macro_2
EMOBON-211028-BPNS-So3-Macro-R3,EMOBON mimarks-specimen sediment sample from station BPNS collected on 2021-10-28 community collected macro,http://example.com/33208,Metazoa,mimarks-specimen,sediment [ENVO:00002007],2021-10-28,http://example.com/BPNS_So_211028,Sander Delacauw,https://orcid.org/0000-0002-5400-2891,ebb_tide,macro,19.42,3,NA,NA,Van Veen Grab,SoSOP3,NA,2021-10-28,MSO LifeWatch Lab -20 Freezer 3,-20,Sander Delacauw,https://orcid.org/0000-0002-5400-2891,Rune Lagaisse,https://orcid.org/0000-0001-9191-9140,true,NA,NA,NA,NA,NA,NA,NA,NA,NA,http://example.com/EMOBON_BPNS_So_211028_macro_3
EMOBON-211028-BPNS-So3-Macro-R4,EMOBON mimarks-specimen sediment sample from station BPNS collected on 2021-10-28 community collected macro,http://example.com/33208,Metazoa,mimarks-specimen,sediment [ENVO:00002007],2021-10-28,http://example.com/BPNS_So_211028,Sander Delacauw,https://orcid.org/0000-0002-5400-2891,ebb_tide,macro,19.42,4,NA,NA,Van Veen Grab,SoSOP3,NA,2021-10-28,MSO LifeWatch Lab -20 Freezer 3,-20,Sander Delacauw,https://orcid.org/0000-0002-5400-2891,Rune Lagaisse,https://orcid.org/0000-0001-9191-9140,true,NA,NA,NA,NA,NA,NA,NA,NA,NA,http://example.com/EMOBON_BPNS_So_211028_macro_4
EMOBON-211028-BPNS-So3-Macro-B,EMOBON mimarks-specimen sediment sample from station BPNS collected on 2021-10-28 community collected macro,http://example.com/32644,unidentified,mimarks-specimen,sediment [ENVO:00002007],2021-10-28,http://example.com/BPNS_So_211028,Sander Delacauw,https://orcid.org/0000-0002-5400-2891,ebb_tide,macro,19.42,blank,NA,NA,Van Veen Grab,SoSOP3,NA,2021-10-28,MSO LifeWatch Lab -20 Freezer 3,-20,Sander Delacauw,https://orcid.org/0000-0002-5400-2891,Rune Lagaisse,https://orcid.org/0000-0001-9191-9140,false,NA,NA,NA,NA,NA,NA,NA,NA,NA,http://example.com/EMOBON_BPNS_So_211028_macro_blank
EMOBON-211028-BPNS-SoSOP3-Meio-R1,EMOBON mimarks-specimen sediment sample from station BPNS collected on 2021-10-28 community collected meio,http://example.com/33208,Metazoa,mimarks-specimen,sediment [ENVO:00002007],2021-10-28,http://example.com/BPNS_So_211028,Lara Macheriotou,https://orcid.org/0000-0002-5662-5689,ebb_tide,meio,19.42,1,0.32,NA,Van Veen Grab,SoSOP3,NA,2021-10-28,"UGent MarBiol Freezer #11, Box#65",-20,Lara Macheriotou,https://orcid.org/0000-0002-5662-5689,Annelien Rigaux,NA,false,170,2021-12-01,2021-12-03,-20,2022-07-18,2023-07-18,,,,http://example.com/EMOBON_BPNS_So_211028_meio_1
EMOBON-211028-BPNS-SoSOP3-Meio-R2,EMOBON mimarks-specimen sediment sample from station BPNS collected on 2021-10-28 community collected meio,http://example.com/33208,Metazoa,mimarks-specimen,sediment [ENVO:00002007],2021-10-28,http://example.com/BPNS_So_211028,Lara Macheriotou,https://orcid.org/0000-0002-5662-5689,ebb_tide,meio,19.42,2,0.32,NA,Van Veen Grab,SoSOP3,NA,2021-10-28,"UGent MarBiol Freezer #11, Box#65",-20,Lara Macheriotou,https://orcid.org/0000-0002-5662-5689,Annelien Rigaux,NA,false,272,2021-12-01,2021-12-03,-20,2022-07-18,2023-07-18,,,,http://example.com/EMOBON_BPNS_So_211028_meio_2
EMOBON-211028-BPNS-SoSOP3-Meio-R3,EMOBON mimarks-specimen sediment sample from station BPNS collected on 2021-10-28 community collected meio,http://example.com/33208,Metazoa,mimarks-specimen,sediment [ENVO:00002007],2021-10-28,http://example.com/BPNS_So_211028,Lara Macheriotou,https://orcid.org/0000-0002-5662-5689,ebb_tide,meio,19.42,3,0.32,NA,Van Veen Grab,SoSOP3,NA,2021-10-28,"UGent MarBiol Freezer #11, Box#65",-20,Lara Macheriotou,https://orcid.org/0000-0002-5662-5689,Annelien Rigaux,NA,true,334,NA,NA,NA,NA,NA,NA,NA,NA,http://example.com/EMOBON_BPNS_So_211028_meio_3
EMOBON-211028-BPNS-SoSOP3-Meio-R4,EMOBON mimarks-specimen sediment sample from station BPNS collected on 2021-10-28 community collected meio,http://example.com/33208,Metazoa,mimarks-specimen,sediment [ENVO:00002007],2021-10-28,http://example.com/BPNS_So_211028,Lara Macheriotou,https://orcid.org/0000-0002-5662-5689,ebb_tide,meio,19.42,4,0.32,NA,Van Veen Grab,SoSOP3,NA,2021-10-28,"UGent MarBiol Freezer #11, Box#65",-20,Lara Macheriotou,https://orcid.org/0000-0002-5662-5689,Annelien Rigaux,NA,true,228,NA,NA,NA,NA,NA,NA,NA,NA,http://example.com/EMOBON_BPNS_So_211028_meio_4
EMOBON-211028-BPNS-SoSOP3-Meio-B,EMOBON mimarks-specimen sediment sample from station BPNS collected on 2021-10-28 community collected meio,http://example.com/32644,unidentified,mimarks-specimen,sediment [ENVO:00002007],2021-10-28,http://example.com/BPNS_So_211028,Lara Macheriotou,https://orcid.org/0000-0002-5662-5689,ebb_tide,meio,19.42,blank,0.32,NA,Van Veen Grab,SoSOP3,NA,2021-10-28,"UGent MarBiol Freezer #11, Box#65",-20,Lara Macheriotou,https://orcid.org/0000-0002-5662-5689,Annelien Rigaux,NA,false,NA,2021-12-01,2021-12-03,-20,2022-07-18,2023-07-18,,,,http://example.com/EMOBON_BPNS_So_211028_meio_blank
EMOBON-211223-BPNS-So3-Micro-R1,EMOBON metagenome sediment sample from station BPNS collected on 2021-12-23 community collected micro,http://example.com/412755,marine sediment metagenome,metagenome,sediment [ENVO:00002007],2021-12-23,http://example.com/BPNS_So_211223,Rune Lagaisse,https://orcid.org/0000-0001-9191-9140,ebb_tide,micro,21.2,1,NA,NA,Van Veen Grab,SoSOP3,Problem with underway data,2021-12-23,MSO LifeWatch Lab -80 Freezer,-80,Sander Delacauw,https://orcid.org/0000-0002-5400-2891,Rune Lagaisse,https://orcid.org/0000-0001-9191-9140,false,NA,2022-01-10,2022-01-18,-70,2022-02-22,2022-02-23,false,NA,,http://example.com/EMOBON_BPNS_So_211223_micro_1
EMOBON-211223-BPNS-So3-Micro-R2,EMOBON metagenome sediment sample from station BPNS collected on 2021-12-23 community collected micro,http://example.com/412755,marine sediment metagenome,metagenome,sediment [ENVO:00002007],2021-12-23,http://example.com/BPNS_So_211223,Rune Lagaisse,https://orcid.org/0000-0001-9191-9140,ebb_tide,micro,21.2,2,NA,NA,Van Veen Grab,SoSOP3,Problem with underway data,2021-12-23,MSO LifeWatch Lab -80 Freezer,-80,Sander Delacauw,https://orcid.org/0000-0002-5400-2891,Rune Lagaisse,https://orcid.org/0000-0001-9191-9140,false,NA,2022-01-10,2022-01-18,-70,2022-02-22,2022-02-23,false,NA,,http://example.com/EMOBON_BPNS_So_211223_micro_2
EMOBON-211223-BPNS-So3-Micro-R3,EMOBON metagenome sediment sample from station BPNS collected on 2021-12-23 community collected micro,http://example.com/412755,marine sediment metagenome,metagenome,sediment [ENVO:00002007],2021-12-23,http://example.com/BPNS_So_211223,Rune Lagaisse,https://orcid.org/0000-0001-9191-9140,ebb_tide,micro,21.2,3,NA,NA,Van Veen Grab,SoSOP3,Problem with underway data,2021-12-23,MSO LifeWatch Lab -80 Freezer,-80,Sander Delacauw,https://orcid.org/0000-0002-5400-2891,Rune Lagaisse,https://orcid.org/0000-0001-9191-9140,true,NA,NA,NA,NA,NA,NA,NA,NA,NA,http://example.com/EMOBON_BPNS_So_211223_micro_3
EMOBON-211223-BPNS-So3-Micro-R4,EMOBON metagenome sediment sample from station BPNS collected on 2021-12-23 community collected micro,http://example.com/412755,marine sediment metagenome,metagenome,sediment [ENVO:00002007],2021-12-23,http://example.com/BPNS_So_211223,Rune Lagaisse,https://orcid.org/0000-0001-9191-9140,ebb_tide,micro,21.2,4,NA,NA,Van Veen Grab,SoSOP3,Problem with underway data,2021-12-23,MSO LifeWatch Lab -80 Freezer,-80,Sander Delacauw,https://orcid.org/0000-0002-5400-2891,Rune Lagaisse,https://orcid.org/0000-0001-9191-9140,true,NA,NA,NA,NA,NA,NA,NA,NA,NA,http://example.com/EMOBON_BPNS_So_211223_micro_4
EMOBON-211223-BPNS-So3-Micro-B1,EMOBON metagenome sediment sample from station BPNS collected on 2021-12-23 community collected micro,http://example.com/32644,unidentified,metagenome,sediment [ENVO:00002007],2021-12-23,http://example.com/BPNS_So_211223,Rune Lagaisse,https://orcid.org/0000-0001-9191-9140,ebb_tide,micro,21.2,blank,NA,NA,Van Veen Grab,SoSOP3,Problem with underway data,2021-12-23,MSO LifeWatch Lab -80 Freezer,-80,Sander Delacauw,https://orcid.org/0000-0002-5400-2891,Rune Lagaisse,https://orcid.org/0000-0001-9191-9140,false,NA,NA,NA,NA,NA,NA,NA,NA,NA,http://example.com/EMOBON_BPNS_So_211223_micro_blank
EMOBON-211223-BPNS-So3-Micro-B2,EMOBON metagenome sediment sample from station BPNS collected on 2021-12-23 community collected micro,http://example.com/32644,unidentified,metagenome,sediment [ENVO:00002007],2021-12-23,http://example.com/BPNS_So_211223,Rune Lagaisse,https://orcid.org/0000-0001-9191-9140,ebb_tide,micro,21.2,blank,NA,NA,Van Veen Grab,SoSOP3,Problem with underway data,2021-12-23,MSO LifeWatch Lab -80 Freezer,-80,Sander Delacauw,https://orcid.org/0000-0002-5400-2891,Rune Lagaisse,https://orcid.org/0000-0001-9191-9140,false,NA,NA,NA,NA,NA,NA,NA,NA,NA,http://example.com/EMOBON_BPNS_So_211223_micro_blank
EMOBON-220322-BPNS-So3-Micro-R1,EMOBON metagenome sediment sample from station BPNS collected on 2022-03-22 community collected micro,http://example.com/412755,marine sediment metagenome,metagenome,sediment [ENVO:00002007],2022-03-22,http://example.com/BPNS_So_220322,Rune Lagaisse,https://orcid.org/0000-0001-9191-9140,ebb_tide,micro,20,1,NA,NA,Van Veen Grab,SoSOP3,Problem with underway data,2022-03-23,MSO LifeWatch Lab -80 Freezer,-80,Rune Lagaisse,https://orcid.org/0000-0001-9191-9140,NA,NA,false,NA,2022-09-26,2022-09-30,-70,2022-07-18,2023-07-18,,,,http://example.com/EMOBON_BPNS_So_220322_micro_1
EMOBON-220322-BPNS-So3-Micro-R2,EMOBON metagenome sediment sample from station BPNS collected on 2022-03-22 community collected micro,http://example.com/412755,marine sediment metagenome,metagenome,sediment [ENVO:00002007],2022-03-22,http://example.com/BPNS_So_220322,Rune Lagaisse,https://orcid.org/0000-0001-9191-9140,ebb_tide,micro,20,2,NA,NA,Van Veen Grab,SoSOP3,Problem with underway data,2022-03-23,MSO LifeWatch Lab -80 Freezer,-80,Rune Lagaisse,https://orcid.org/0000-0001-9191-9140,NA,NA,false,NA,2022-09-26,2022-09-30,-70,2022-07-18,2023-07-18,,,,http://example.com/EMOBON_BPNS_So_220322_micro_2
EMOBON-220322-BPNS-So3-Micro-R3,EMOBON metagenome sediment sample from station BPNS collected on 2022-03-22 community collected micro,http://example.com/412755,marine sediment metagenome,metagenome,sediment [ENVO:00002007],2022-03-22,http://example.com/BPNS_So_220322,Rune Lagaisse,https://orcid.org/0000-0001-9191-9140,ebb_tide,micro,20,3,NA,NA,Van Veen Grab,SoSOP3,Problem with underway data,2022-03-23,MSO LifeWatch Lab -80 Freezer,-80,Rune Lagaisse,https://orcid.org/0000-0001-9191-9140,NA,NA,true,NA,NA,NA,NA,NA,NA,NA,NA,NA,http://example.com/EMOBON_BPNS_So_220322_micro_3
EMOBON-220322-BPNS-So3-Micro-R4,EMOBON metagenome sediment sample from station BPNS collected on 2022-03-22 community collected micro,http://example.com/412755,marine sediment metagenome,metagenome,sediment [ENVO:00002007],2022-03-22,http://example.com/BPNS_So_220322,Rune Lagaisse,https://orcid.org/0000-0001-9191-9140,ebb_tide,micro,20,4,NA,NA,Van Veen Grab,SoSOP3,"Tube broke, Problem with underway data",NA,NA,NA,NA,NA,NA,NA,NA,NA,NA,NA,NA,NA,NA,NA,NA,NA,http://example.com/EMOBON_BPNS_So_220322_micro_4
EMOBON-220322-BPNS-So3-Micro-B1,EMOBON metagenome sediment sample from station BPNS collected on 2022-03-22 community collected micro,http://example.com/32644,unidentified,metagenome,sediment [ENVO:00002007],2022-03-22,http://example.com/BPNS_So_220322,Rune Lagaisse,https://orcid.org/0000-0001-9191-9140,ebb_tide,micro,20,blank,NA,NA,Van Veen Grab,SoSOP3,Problem with underway data,2022-03-23,MSO LifeWatch Lab -80 Freezer,-80,Rune Lagaisse,https://orcid.org/0000-0001-9191-9140,NA,NA,false,NA,NA,NA,NA,NA,NA,NA,NA,NA,http://example.com/EMOBON_BPNS_So_220322_micro_blank
EMOBON-220322-BPNS-So3-Micro-B2,EMOBON metagenome sediment sample from station BPNS collected on 2022-03-22 community collected micro,http://example.com/32644,unidentified,metagenome,sediment [ENVO:00002007],2022-03-22,http://example.com/BPNS_So_220322,Rune Lagaisse,https://orcid.org/0000-0001-9191-9140,ebb_tide,micro,20,blank,NA,NA,Van Veen Grab,SoSOP3,Problem with underway data,2022-03-23,MSO LifeWatch Lab -80 Freezer,-80,Rune Lagaisse,https://orcid.org/0000-0001-9191-9140,NA,NA,false,NA,NA,NA,NA,NA,NA,NA,NA,NA,http://example.com/EMOBON_BPNS_So_220322_micro_blank
EMOBON-220420-BPNS-So3-Micro-R1,EMOBON metagenome sediment sample from station BPNS collected on 2022-04-20 community collected micro,http://example.com/412755,marine sediment metagenome,metagenome,sediment [ENVO:00002007],2022-04-20,http://example.com/BPNS_So_220420,Annelien Rigaux,NA,ebb_tide,micro,20,1,NA,NA,Van Veen Grab,SoSOP3,Problem with underway data,2022-04-21,MSO LifeWatch Lab -80 Freezer,-80,Rune Lagaisse,https://orcid.org/0000-0001-9191-9140,NA,NA,false,NA,2022-09-26,2022-09-30,-70,2022-07-18,2023-07-18,,,,http://example.com/EMOBON_BPNS_So_220420_micro_1
EMOBON-220420-BPNS-So3-Micro-R2,EMOBON metagenome sediment sample from station BPNS collected on 2022-04-20 community collected micro,http://example.com/412755,marine sediment metagenome,metagenome,sediment [ENVO:00002007],2022-04-20,http://example.com/BPNS_So_220420,Annelien Rigaux,NA,ebb_tide,micro,20,2,NA,NA,Van Veen Grab,SoSOP3,Problem with underway data,2022-04-21,MSO LifeWatch Lab -80 Freezer,-80,Rune Lagaisse,https://orcid.org/0000-0001-9191-9140,NA,NA,false,NA,2022-09-26,2022-09-30,-70,2022-07-18,2023-07-18,,,,http://example.com/EMOBON_BPNS_So_220420_micro_2
EMOBON-220420-BPNS-So3-Micro-R3,EMOBON metagenome sediment sample from station BPNS collected on 2022-04-20 community collected micro,http://example.com/412755,marine sediment metagenome,metagenome,sediment [ENVO:00002007],2022-04-20,http://example.com/BPNS_So_220420,Annelien Rigaux,NA,ebb_tide,micro,20,3,NA,NA,Van Veen Grab,SoSOP3,Problem with underway data,2022-04-21,MSO LifeWatch Lab -80 Freezer,-80,Rune Lagaisse,https://orcid.org/0000-0001-9191-9140,NA,NA,true,NA,NA,NA,NA,NA,NA,NA,NA,NA,http://example.com/EMOBON_BPNS_So_220420_micro_3
EMOBON-220420-BPNS-So3-Micro-R4,EMOBON metagenome sediment sample from station BPNS collected on 2022-04-20 community collected micro,http://example.com/412755,marine sediment metagenome,metagenome,sediment [ENVO:00002007],2022-04-20,http://example.com/BPNS_So_220420,Annelien Rigaux,NA,ebb_tide,micro,20,4,NA,NA,Van Veen Grab,SoSOP3,Problem with underway data,2022-04-21,MSO LifeWatch Lab -80 Freezer,-80,Rune Lagaisse,https://orcid.org/0000-0001-9191-9140,NA,NA,true,NA,NA,NA,NA,NA,NA,NA,NA,NA,http://example.com/EMOBON_BPNS_So_220420_micro_4
EMOBON-220420-BPNS-So3-Micro-B1,EMOBON metagenome sediment sample from station BPNS collected on 2022-04-20 community collected micro,http://example.com/32644,unidentified,metagenome,sediment [ENVO:00002007],2022-04-20,http://example.com/BPNS_So_220420,Annelien Rigaux,NA,ebb_tide,micro,20,blank,NA,NA,Van Veen Grab,SoSOP3,Problem with underway data,2022-04-21,MSO LifeWatch Lab -80 Freezer,-80,Rune Lagaisse,https://orcid.org/0000-0001-9191-9140,NA,NA,false,NA,NA,NA,NA,NA,NA,NA,NA,NA,http://example.com/EMOBON_BPNS_So_220420_micro_blank
EMOBON-220420-BPNS-So3-Micro-B2,EMOBON metagenome sediment sample from station BPNS collected on 2022-04-20 community collected micro,http://example.com/32644,unidentified,metagenome,sediment [ENVO:00002007],2022-04-20,http://example.com/BPNS_So_220420,Annelien Rigaux,NA,ebb_tide,micro,20,blank,NA,NA,Van Veen Grab,SoSOP3,Problem with underway data,2022-04-21,MSO LifeWatch Lab -80 Freezer,-80,Rune Lagaisse,https://orcid.org/0000-0001-9191-9140,NA,NA,false,NA,NA,NA,NA,NA,NA,NA,NA,NA,http://example.com/EMOBON_BPNS_So_220420_micro_blank
EMOBON-220420-BPNS-So3-Macro-R1,EMOBON mimarks-specimen sediment sample from station BPNS collected on 2022-04-20 community collected macro,http://example.com/33208,Metazoa,mimarks-specimen,sediment [ENVO:00002007],2022-04-20,http://example.com/BPNS_So_220420,Annelien Rigaux,NA,ebb_tide,macro,20,1,NA,NA,Van Veen Grab,SoSOP3,Problem with underway data,2022-04-21,MSO LifeWatch Lab -20 Freezer 3,-20,Rune Lagaisse,https://orcid.org/0000-0001-9191-9140,NA,NA,false,NA,2022-09-26,2022-09-30,4,2023-06-01,2023-06-01,,,,http://example.com/EMOBON_BPNS_So_220420_macro_1
EMOBON-220420-BPNS-So3-Macro-R2,EMOBON mimarks-specimen sediment sample from station BPNS collected on 2022-04-20 community collected macro,http://example.com/33208,Metazoa,mimarks-specimen,sediment [ENVO:00002007],2022-04-20,http://example.com/BPNS_So_220420,Annelien Rigaux,NA,ebb_tide,macro,20,2,NA,NA,Van Veen Grab,SoSOP3,Problem with underway data,2022-04-21,MSO LifeWatch Lab -20 Freezer 3,-20,Rune Lagaisse,https://orcid.org/0000-0001-9191-9140,NA,NA,false,NA,2022-09-26,2022-09-30,4,,,,,,http://example.com/EMOBON_BPNS_So_220420_macro_2
EMOBON-220420-BPNS-So3-Macro-R3,EMOBON mimarks-specimen sediment sample from station BPNS collected on 2022-04-20 community collected macro,http://example.com/33208,Metazoa,mimarks-specimen,sediment [ENVO:00002007],2022-04-20,http://example.com/BPNS_So_220420,Annelien Rigaux,NA,ebb_tide,macro,20,3,NA,NA,Van Veen Grab,SoSOP3,Problem with underway data,2022-04-21,MSO LifeWatch Lab -20 Freezer 3,-20,Rune Lagaisse,https://orcid.org/0000-0001-9191-9140,NA,NA,true,NA,NA,NA,NA,NA,NA,NA,NA,NA,http://example.com/EMOBON_BPNS_So_220420_macro_3
EMOBON-220420-BPNS-So3-Macro-R4,EMOBON mimarks-specimen sediment sample from station BPNS collected on 2022-04-20 community collected macro,http://example.com/33208,Metazoa,mimarks-specimen,sediment [ENVO:00002007],2022-04-20,http://example.com/BPNS_So_220420,Annelien Rigaux,NA,ebb_tide,macro,20,4,NA,NA,Van Veen Grab,SoSOP3,Problem with underway data,2022-04-21,MSO LifeWatch Lab -20 Freezer 3,-20,Rune Lagaisse,https://orcid.org/0000-0001-9191-9140,NA,NA,true,NA,NA,NA,NA,NA,NA,NA,NA,NA,http://example.com/EMOBON_BPNS_So_220420_macro_4
EMOBON-220420-BPNS-So3-Macro-B,EMOBON mimarks-specimen sediment sample from station BPNS collected on 2022-04-20 community collected macro,http://example.com/32644,unidentified,mimarks-specimen,sediment [ENVO:00002007],2022-04-20,http://example.com/BPNS_So_220420,Annelien Rigaux,NA,ebb_tide,macro,20,blank,NA,NA,Van Veen Grab,SoSOP3,Problem with underway data,2022-04-21,MSO LifeWatch Lab -20 Freezer 3,-20,Rune Lagaisse,https://orcid.org/0000-0001-9191-9140,NA,NA,false,NA,NA,NA,NA,NA,NA,NA,NA,NA,http://example.com/EMOBON_BPNS_So_220420_macro_blank
EMOBON-220420-BPNS-SoSOP3-Meio-R1,EMOBON mimarks-specimen sediment sample from station BPNS collected on 2022-04-20 community collected meio,http://example.com/33208,Metazoa,mimarks-specimen,sediment [ENVO:00002007],2022-04-20,http://example.com/BPNS_So_220420,Annelien Rigaux,NA,ebb_tide,meio,20,1,0.32,NA,Van Veen Grab,SoSOP3,Problem with underway data,2022-04-28,"UGent MarBiol Freezer #11, Box#65",-20,Annelien Rigaux,NA,Lara Macheriotou,https://orcid.org/0000-0002-5662-5689,false,639.4,2022-10-03,2022-10-05,-20,2022-11-15,2022-11-16,,,,http://example.com/EMOBON_BPNS_So_220420_meio_1
EMOBON-220420-BPNS-SoSOP3-Meio-R2,EMOBON mimarks-specimen sediment sample from station BPNS collected on 2022-04-20 community collected meio,http://example.com/33208,Metazoa,mimarks-specimen,sediment [ENVO:00002007],2022-04-20,http://example.com/BPNS_So_220420,Annelien Rigaux,NA,ebb_tide,meio,20,2,0.32,NA,Van Veen Grab,SoSOP3,Problem with underway data,2022-04-28,"UGent MarBiol Freezer #11, Box#65",-20,Annelien Rigaux,NA,Lara Macheriotou,https://orcid.org/0000-0002-5662-5689,false,627.8,2022-10-03,2022-10-05,-20,2022-11-15,2022-11-16,,,,http://example.com/EMOBON_BPNS_So_220420_meio_2
EMOBON-220420-BPNS-SoSOP3-Meio-R3,EMOBON mimarks-specimen sediment sample from station BPNS collected on 2022-04-20 community collected meio,http://example.com/33208,Metazoa,mimarks-specimen,sediment [ENVO:00002007],2022-04-20,http://example.com/BPNS_So_220420,Annelien Rigaux,NA,ebb_tide,meio,20,3,0.32,NA,Van Veen Grab,SoSOP3,Problem with underway data,2022-04-28,"UGent MarBiol Freezer #11, Box#65",-20,Annelien Rigaux,NA,Lara Macheriotou,https://orcid.org/0000-0002-5662-5689,true,598.6,NA,NA,NA,NA,NA,NA,NA,NA,http://example.com/EMOBON_BPNS_So_220420_meio_3
EMOBON-220420-BPNS-SoSOP3-Meio-R4,EMOBON mimarks-specimen sediment sample from station BPNS collected on 2022-04-20 community collected meio,http://example.com/33208,Metazoa,mimarks-specimen,sediment [ENVO:00002007],2022-04-20,http://example.com/BPNS_So_220420,Annelien Rigaux,NA,ebb_tide,meio,20,4,0.32,NA,Van Veen Grab,SoSOP3,Problem with underway data,2022-04-28,"UGent MarBiol Freezer #11, Box#65",-20,Annelien Rigaux,NA,Lara Macheriotou,https://orcid.org/0000-0002-5662-5689,true,650,NA,NA,NA,NA,NA,NA,NA,NA,http://example.com/EMOBON_BPNS_So_220420_meio_4
EMOBON-220420-BPNS-SoSOP3-Meio-B,EMOBON mimarks-specimen sediment sample from station BPNS collected on 2022-04-20 community collected meio,http://example.com/32644,unidentified,mimarks-specimen,sediment [ENVO:00002007],2022-04-20,http://example.com/BPNS_So_220420,Annelien Rigaux,NA,ebb_tide,meio,20,blank,0.32,NA,Van Veen Grab,SoSOP3,Problem with underway data,2022-04-28,"UGent MarBiol Freezer #11, Box#65",-20,Annelien Rigaux,NA,Lara Macheriotou,https://orcid.org/0000-0002-5662-5689,false,NA,NA,NA,NA,NA,NA,NA,NA,NA,http://example.com/EMOBON_BPNS_So_220420_meio_blank
EMOBON-220601-BPNS-So3-Micro-R1,EMOBON metagenome sediment sample from station BPNS collected on 2022-06-01 community collected micro,http://example.com/412755,marine sediment metagenome,metagenome,sediment [ENVO:00002007],2022-06-01,http://example.com/BPNS_So_220601,Rune Lagaisse,https://orcid.org/0000-0001-9191-9140,flood_tide,micro,20.3,1,NA,NA,Van Veen Grab,SoSOP3,NA,2022-06-01,MSO LifeWatch Lab -80 Freezer,-80,Rune Lagaisse,https://orcid.org/0000-0001-9191-9140,NA,NA,false,NA,2022-09-26,2022-09-30,-70,2022-07-18,2023-07-18,,,,http://example.com/EMOBON_BPNS_So_220601_micro_1
EMOBON-220601-BPNS-So3-Micro-R2,EMOBON metagenome sediment sample from station BPNS collected on 2022-06-01 community collected micro,http://example.com/412755,marine sediment metagenome,metagenome,sediment [ENVO:00002007],2022-06-01,http://example.com/BPNS_So_220601,Rune Lagaisse,https://orcid.org/0000-0001-9191-9140,flood_tide,micro,20.3,2,NA,NA,Van Veen Grab,SoSOP3,NA,2022-06-01,MSO LifeWatch Lab -80 Freezer,-80,Rune Lagaisse,https://orcid.org/0000-0001-9191-9140,NA,NA,false,NA,2022-09-26,2022-09-30,-70,2022-07-18,2023-07-18,,,,http://example.com/EMOBON_BPNS_So_220601_micro_2
EMOBON-220601-BPNS-So3-Micro-R3,EMOBON metagenome sediment sample from station BPNS collected on 2022-06-01 community collected micro,http://example.com/412755,marine sediment metagenome,metagenome,sediment [ENVO:00002007],2022-06-01,http://example.com/BPNS_So_220601,Rune Lagaisse,https://orcid.org/0000-0001-9191-9140,flood_tide,micro,20.3,3,NA,NA,Van Veen Grab,SoSOP3,NA,2022-06-01,MSO LifeWatch Lab -80 Freezer,-80,Rune Lagaisse,https://orcid.org/0000-0001-9191-9140,NA,NA,true,NA,NA,NA,NA,NA,NA,NA,NA,NA,http://example.com/EMOBON_BPNS_So_220601_micro_3
EMOBON-220601-BPNS-So3-Micro-R4,EMOBON metagenome sediment sample from station BPNS collected on 2022-06-01 community collected micro,http://example.com/412755,marine sediment metagenome,metagenome,sediment [ENVO:00002007],2022-06-01,http://example.com/BPNS_So_220601,Rune Lagaisse,https://orcid.org/0000-0001-9191-9140,flood_tide,micro,20.3,4,NA,NA,Van Veen Grab,SoSOP3,NA,2022-06-01,MSO LifeWatch Lab -80 Freezer,-80,Rune Lagaisse,https://orcid.org/0000-0001-9191-9140,NA,NA,true,NA,NA,NA,NA,NA,NA,NA,NA,NA,http://example.com/EMOBON_BPNS_So_220601_micro_4
EMOBON-220601-BPNS-So3-Micro-B1,EMOBON metagenome sediment sample from station BPNS collected on 2022-06-01 community collected micro,http://example.com/32644,unidentified,metagenome,sediment [ENVO:00002007],2022-06-01,http://example.com/BPNS_So_220601,Rune Lagaisse,https://orcid.org/0000-0001-9191-9140,flood_tide,micro,20.3,blank,NA,NA,Van Veen Grab,SoSOP3,NA,2022-06-01,MSO LifeWatch Lab -80 Freezer,-80,Rune Lagaisse,https://orcid.org/0000-0001-9191-9140,NA,NA,false,NA,NA,NA,NA,NA,NA,NA,NA,NA,http://example.com/EMOBON_BPNS_So_220601_micro_blank
EMOBON-220601-BPNS-So3-Micro-B2,EMOBON metagenome sediment sample from station BPNS collected on 2022-06-01 community collected micro,http://example.com/32644,unidentified,metagenome,sediment [ENVO:00002007],2022-06-01,http://example.com/BPNS_So_220601,Rune Lagaisse,https://orcid.org/0000-0001-9191-9140,flood_tide,micro,20.3,blank,NA,NA,Van Veen Grab,SoSOP3,NA,2022-06-01,MSO LifeWatch Lab -80 Freezer,-80,Rune Lagaisse,https://orcid.org/0000-0001-9191-9140,NA,NA,false,NA,NA,NA,NA,NA,NA,NA,NA,NA,http://example.com/EMOBON_BPNS_So_220601_micro_blank
EMOBON-220601-BPNS-SoSOP3-Meio-R1,EMOBON mimarks-specimen sediment sample from station BPNS collected on 2022-06-01 community collected meio,http://example.com/33208,Metazoa,mimarks-specimen,sediment [ENVO:00002007],2022-06-01,http://example.com/BPNS_So_220601,Lara Macheriotou,https://orcid.org/0000-0002-5662-5689,flood_tide,meio,20.3,1,0.32,NA,Van Veen Grab,SoSOP3,NA,2022-06-01,"UGent MarBiol Freezer #11, Box#65",-20,Lara Macheriotou,https://orcid.org/0000-0002-5662-5689,NA,NA,false,302.5,2022-10-03,2022-10-05,-20,2022-11-15,2022-11-16,,,,http://example.com/EMOBON_BPNS_So_220601_meio_1
EMOBON-220601-BPNS-SoSOP3-Meio-R2,EMOBON mimarks-specimen sediment sample from station BPNS collected on 2022-06-01 community collected meio,http://example.com/33208,Metazoa,mimarks-specimen,sediment [ENVO:00002007],2022-06-01,http://example.com/BPNS_So_220601,Lara Macheriotou,https://orcid.org/0000-0002-5662-5689,flood_tide,meio,20.3,2,0.32,NA,Van Veen Grab,SoSOP3,NA,2022-06-01,"UGent MarBiol Freezer #11, Box#66",-20,Lara Macheriotou,https://orcid.org/0000-0002-5662-5689,NA,NA,false,248.9,2022-10-03,2022-10-05,-20,2022-11-15,2022-11-16,,,,http://example.com/EMOBON_BPNS_So_220601_meio_2
EMOBON-220601-BPNS-SoSOP3-Meio-R3,EMOBON mimarks-specimen sediment sample from station BPNS collected on 2022-06-01 community collected meio,http://example.com/33208,Metazoa,mimarks-specimen,sediment [ENVO:00002007],2022-06-01,http://example.com/BPNS_So_220601,Lara Macheriotou,https://orcid.org/0000-0002-5662-5689,flood_tide,meio,20.3,3,0.32,NA,Van Veen Grab,SoSOP3,NA,2022-06-01,"UGent MarBiol Freezer #11, Box#67",-20,Lara Macheriotou,https://orcid.org/0000-0002-5662-5689,NA,NA,true,282.7,NA,NA,NA,NA,NA,NA,NA,NA,http://example.com/EMOBON_BPNS_So_220601_meio_3
EMOBON-220601-BPNS-SoSOP3-Meio-R4,EMOBON mimarks-specimen sediment sample from station BPNS collected on 2022-06-01 community collected meio,http://example.com/33208,Metazoa,mimarks-specimen,sediment [ENVO:00002007],2022-06-01,http://example.com/BPNS_So_220601,Lara Macheriotou,https://orcid.org/0000-0002-5662-5689,flood_tide,meio,20.3,4,0.32,NA,Van Veen Grab,SoSOP3,NA,2022-06-01,"UGent MarBiol Freezer #11, Box#68",-20,Lara Macheriotou,https://orcid.org/0000-0002-5662-5689,NA,NA,true,329.4,NA,NA,NA,NA,NA,NA,NA,NA,http://example.com/EMOBON_BPNS_So_220601_meio_4
EMOBON-220601-BPNS-SoSOP3-Meio-B,EMOBON mimarks-specimen sediment sample from station BPNS collected on 2022-06-01 community collected meio,http://example.com/32644,unidentified,mimarks-specimen,sediment [ENVO:00002007],2022-06-01,http://example.com/BPNS_So_220601,Lara Macheriotou,https://orcid.org/0000-0002-5662-5689,flood_tide,meio,20.3,blank,0.32,NA,Van Veen Grab,SoSOP3,NA,2022-06-01,"UGent MarBiol Freezer #11, Box#69",-20,Lara Macheriotou,https://orcid.org/0000-0002-5662-5689,NA,NA,false,NA,NA,NA,NA,NA,NA,NA,NA,NA,http://example.com/EMOBON_BPNS_So_220601_meio_blank
EMOBON-220819-BPNS-So3-Micro-R1,EMOBON metagenome sediment sample from station BPNS collected on 2022-08-19 community collected micro,http://example.com/412755,marine sediment metagenome,metagenome,sediment [ENVO:00002007],2022-08-19,http://example.com/BPNS_So_220819,Rune Lagaisse,https://orcid.org/0000-0001-9191-9140,flood_tide,micro,19.9,1,NA,NA,Van Veen Grab,SoSOP3,"Winch issues, no Van Veen possible",NA,NA,NA,NA,NA,NA,NA,NA,NA,NA,NA,NA,NA,NA,true,"sampling failed; Winch issues, no Van Veen possible",NA,http://example.com/EMOBON_BPNS_So_220819_micro_1
EMOBON-220819-BPNS-So3-Micro-R2,EMOBON metagenome sediment sample from station BPNS collected on 2022-08-19 community collected micro,http://example.com/412755,marine sediment metagenome,metagenome,sediment [ENVO:00002007],2022-08-19,http://example.com/BPNS_So_220819,Rune Lagaisse,https://orcid.org/0000-0001-9191-9140,flood_tide,micro,19.9,2,NA,NA,Van Veen Grab,SoSOP3,"Winch issues, no Van Veen possible",NA,NA,NA,NA,NA,NA,NA,NA,NA,NA,NA,NA,NA,NA,true,"sampling failed; Winch issues, no Van Veen possible",NA,http://example.com/EMOBON_BPNS_So_220819_micro_2
EMOBON-220819-BPNS-So3-Micro-R3,EMOBON metagenome sediment sample from station BPNS collected on 2022-08-19 community collected micro,http://example.com/412755,marine sediment metagenome,metagenome,sediment [ENVO:00002007],2022-08-19,http://example.com/BPNS_So_220819,Rune Lagaisse,https://orcid.org/0000-0001-9191-9140,flood_tide,micro,19.9,3,NA,NA,Van Veen Grab,SoSOP3,"Winch issues, no Van Veen possible",NA,NA,NA,NA,NA,NA,NA,NA,NA,NA,NA,NA,NA,NA,true,"sampling failed; Winch issues, no Van Veen possible",NA,http://example.com/EMOBON_BPNS_So_220819_micro_3
EMOBON-220819-BPNS-So3-Micro-R4,EMOBON metagenome sediment sample from station BPNS collected on 2022-08-19 community collected micro,http://example.com/412755,marine sediment metagenome,metagenome,sediment [ENVO:00002007],2022-08-19,http://example.com/BPNS_So_220819,Rune Lagaisse,https://orcid.org/0000-0001-9191-9140,flood_tide,micro,19.9,4,NA,NA,Van Veen Grab,SoSOP3,"Winch issues, no Van Veen possible",NA,NA,NA,NA,NA,NA,NA,NA,NA,NA,NA,NA,NA,NA,true,"sampling failed; Winch issues, no Van Veen possible",NA,http://example.com/EMOBON_BPNS_So_220819_micro_4
EMOBON-220819-BPNS-So3-Micro-B1,EMOBON metagenome sediment sample from station BPNS collected on 2022-08-19 community collected micro,http://example.com/32644,unidentified,metagenome,sediment [ENVO:00002007],2022-08-19,http://example.com/BPNS_So_220819,Rune Lagaisse,https://orcid.org/0000-0001-9191-9140,flood_tide,micro,19.9,blank,NA,NA,Van Veen Grab,SoSOP3,"Winch issues, no Van Veen possible",NA,NA,NA,NA,NA,NA,NA,NA,NA,NA,NA,NA,NA,NA,true,"sampling failed; Winch issues, no Van Veen possible",NA,http://example.com/EMOBON_BPNS_So_220819_micro_blank
EMOBON-220819-BPNS-So3-Micro-B2,EMOBON metagenome sediment sample from station BPNS collected on 2022-08-19 community collected micro,http://example.com/32644,unidentified,metagenome,sediment [ENVO:00002007],2022-08-19,http://example.com/BPNS_So_220819,Rune Lagaisse,https://orcid.org/0000-0001-9191-9140,flood_tide,micro,19.9,blank,NA,NA,Van Veen Grab,SoSOP3,"Winch issues, no Van Veen possible",NA,NA,NA,NA,NA,NA,NA,NA,NA,NA,NA,NA,NA,NA,true,"sampling failed; Winch issues, no Van Veen possible",NA,http://example.com/EMOBON_BPNS_So_220819_micro_blank
EMOBON-221027-BPNS-So3-Micro-R1,EMOBON metagenome sediment sample from station BPNS collected on 2022-10-27 community collected micro,http://example.com/412755,marine sediment metagenome,metagenome,sediment [ENVO:00002007],2022-10-27,http://example.com/BPNS_So_221027,Rune Lagaisse,https://orcid.org/0000-0001-9191-9140,,micro,20,1,NA,NA,Van Veen Grab,SoSOP3,Problem with underway data,2022-10-27,MSO LifeWatch Lab -80 Freezer,-80,Rune Lagaisse,https://orcid.org/0000-0001-9191-9140,NA,NA,false,NA,2023-06-13,2023-06-19,-70,,,,,,http://example.com/EMOBON_BPNS_So_221027_micro_1
EMOBON-221027-BPNS-So3-Micro-R2,EMOBON metagenome sediment sample from station BPNS collected on 2022-10-27 community collected micro,http://example.com/412755,marine sediment metagenome,metagenome,sediment [ENVO:00002007],2022-10-27,http://example.com/BPNS_So_221027,Rune Lagaisse,https://orcid.org/0000-0001-9191-9140,,micro,20,2,NA,NA,Van Veen Grab,SoSOP3,Problem with underway data,2022-10-27,MSO LifeWatch Lab -80 Freezer,-80,Rune Lagaisse,https://orcid.org/0000-0001-9191-9140,NA,NA,false,NA,2023-06-13,2023-06-19,-70,,,,,,http://example.com/EMOBON_BPNS_So_221027_micro_2
EMOBON-221027-BPNS-So3-Micro-R3,EMOBON metagenome sediment sample from station BPNS collected on 2022-10-27 community collected micro,http://example.com/412755,marine sediment metagenome,metagenome,sediment [ENVO:00002007],2022-10-27,http://example.com/BPNS_So_221027,Rune Lagaisse,https://orcid.org/0000-0001-9191-9140,,micro,20,3,NA,NA,Van Veen Grab,SoSOP3,Problem with underway data,2022-10-27,MSO LifeWatch Lab -80 Freezer,-80,Rune Lagaisse,https://orcid.org/0000-0001-9191-9140,NA,NA,true,NA,NA,NA,NA,NA,NA,NA,NA,NA,http://example.com/EMOBON_BPNS_So_221027_micro_3
EMOBON-221027-BPNS-So3-Micro-R4,EMOBON metagenome sediment sample from station BPNS collected on 2022-10-27 community collected micro,http://example.com/412755,marine sediment metagenome,metagenome,sediment [ENVO:00002007],2022-10-27,http://example.com/BPNS_So_221027,Rune Lagaisse,https://orcid.org/0000-0001-9191-9140,,micro,20,4,NA,NA,Van Veen Grab,SoSOP3,Problem with underway data,2022-10-27,MSO LifeWatch Lab -80 Freezer,-80,Rune Lagaisse,https://orcid.org/0000-0001-9191-9140,NA,NA,true,NA,NA,NA,NA,NA,NA,NA,NA,NA,http://example.com/EMOBON_BPNS_So_221027_micro_4
EMOBON-221027-BPNS-So3-Micro-B1,EMOBON metagenome sediment sample from station BPNS collected on 2022-10-27 community collected micro,http://example.com/32644,unidentified,metagenome,sediment [ENVO:00002007],2022-10-27,http://example.com/BPNS_So_221027,Rune Lagaisse,https://orcid.org/0000-0001-9191-9140,,micro,20,blank,NA,NA,Van Veen Grab,SoSOP3,Problem with underway data,2022-10-27,MSO LifeWatch Lab -80 Freezer,-80,Rune Lagaisse,https://orcid.org/0000-0001-9191-9140,NA,NA,false,NA,NA,NA,NA,NA,NA,NA,NA,NA,http://example.com/EMOBON_BPNS_So_221027_micro_blank
EMOBON-221027-BPNS-So3-Micro-B2,EMOBON metagenome sediment sample from station BPNS collected on 2022-10-27 community collected micro,http://example.com/32644,unidentified,metagenome,sediment [ENVO:00002007],2022-10-27,http://example.com/BPNS_So_221027,Rune Lagaisse,https://orcid.org/0000-0001-9191-9140,,micro,20,blank,NA,NA,Van Veen Grab,SoSOP3,Problem with underway data,2022-10-27,MSO LifeWatch Lab -80 Freezer,-80,Rune Lagaisse,https://orcid.org/0000-0001-9191-9140,NA,NA,false,NA,NA,NA,NA,NA,NA,NA,NA,NA,http://example.com/EMOBON_BPNS_So_221027_micro_blank
EMOBON-221027-BPNS-So3-Macro-R1,EMOBON mimarks-specimen sediment sample from station BPNS collected on 2022-10-27 community collected macro,http://example.com/33208,Metazoa,mimarks-specimen,sediment [ENVO:00002007],2022-10-27,http://example.com/BPNS_So_221027,Rune Lagaisse,https://orcid.org/0000-0001-9191-9140,,macro,20,1,NA,NA,Van Veen Grab,SoSOP3,Problem with underway data,2022-10-27,MSO LifeWatch Lab -20 Freezer 3,-20,Rune Lagaisse,https://orcid.org/0000-0001-9191-9140,NA,NA,false,NA,to_arrive_Sep_2023,2023-09-14,4,,,,,,http://example.com/EMOBON_BPNS_So_221027_macro_1
EMOBON-221027-BPNS-So3-Macro-R2,EMOBON mimarks-specimen sediment sample from station BPNS collected on 2022-10-27 community collected macro,http://example.com/33208,Metazoa,mimarks-specimen,sediment [ENVO:00002007],2022-10-27,http://example.com/BPNS_So_221027,Rune Lagaisse,https://orcid.org/0000-0001-9191-9140,,macro,20,2,NA,NA,Van Veen Grab,SoSOP3,Problem with underway data,2022-10-27,MSO LifeWatch Lab -20 Freezer 3,-20,Rune Lagaisse,https://orcid.org/0000-0001-9191-9140,NA,NA,false,NA,to_arrive_Sep_2023,2023-09-14,4,,,,,,http://example.com/EMOBON_BPNS_So_221027_macro_2
EMOBON-221027-BPNS-So3-Macro-R3,EMOBON mimarks-specimen sediment sample from station BPNS collected on 2022-10-27 community collected macro,http://example.com/33208,Metazoa,mimarks-specimen,sediment [ENVO:00002007],2022-10-27,http://example.com/BPNS_So_221027,Rune Lagaisse,https://orcid.org/0000-0001-9191-9140,,macro,20,3,NA,NA,Van Veen Grab,SoSOP3,Problem with underway data,2022-10-27,MSO LifeWatch Lab -20 Freezer 3,-20,Rune Lagaisse,https://orcid.org/0000-0001-9191-9140,NA,NA,true,NA,NA,NA,NA,NA,NA,NA,NA,NA,http://example.com/EMOBON_BPNS_So_221027_macro_3
EMOBON-221027-BPNS-So3-Macro-R4,EMOBON mimarks-specimen sediment sample from station BPNS collected on 2022-10-27 community collected macro,http://example.com/33208,Metazoa,mimarks-specimen,sediment [ENVO:00002007],2022-10-27,http://example.com/BPNS_So_221027,Rune Lagaisse,https://orcid.org/0000-0001-9191-9140,,macro,20,4,NA,NA,Van Veen Grab,SoSOP3,Problem with underway data,2022-10-27,MSO LifeWatch Lab -20 Freezer 3,-20,Rune Lagaisse,https://orcid.org/0000-0001-9191-9140,NA,NA,true,NA,NA,NA,NA,NA,NA,NA,NA,NA,http://example.com/EMOBON_BPNS_So_221027_macro_4
EMOBON-221027-BPNS-So3-Macro-B,EMOBON mimarks-specimen sediment sample from station BPNS collected on 2022-10-27 community collected macro,http://example.com/32644,unidentified,mimarks-specimen,sediment [ENVO:00002007],2022-10-27,http://example.com/BPNS_So_221027,Rune Lagaisse,https://orcid.org/0000-0001-9191-9140,,macro,20,blank,NA,NA,Van Veen Grab,SoSOP3,Problem with underway data,2022-10-27,MSO LifeWatch Lab -20 Freezer 3,-20,Rune Lagaisse,https://orcid.org/0000-0001-9191-9140,NA,NA,false,NA,NA,NA,NA,NA,NA,NA,NA,NA,http://example.com/EMOBON_BPNS_So_221027_macro_blank
EMOBON-221027-BPNS-SoSOP3-Meio-R1,EMOBON mimarks-specimen sediment sample from station BPNS collected on 2022-10-27 community collected meio,http://example.com/33208,Metazoa,mimarks-specimen,sediment [ENVO:00002007],2022-10-27,http://example.com/BPNS_So_221027,Rune Lagaisse,https://orcid.org/0000-0001-9191-9140,,meio,20,1,0.32,NA,Van Veen Grab,SoSOP3,Problem with underway data,2022-10-27,"UGent MarBiol Freezer #11, Box#61",-20,Annelien Rigaux,NA,Lara Macheriotou,https://orcid.org/0000-0002-5662-5689,false,NA,to_arrive_Sep_2023,,,,,,,,http://example.com/EMOBON_BPNS_So_221027_meio_1
EMOBON-221027-BPNS-SoSOP3-Meio-R2,EMOBON mimarks-specimen sediment sample from station BPNS collected on 2022-10-27 community collected meio,http://example.com/33208,Metazoa,mimarks-specimen,sediment [ENVO:00002007],2022-10-27,http://example.com/BPNS_So_221027,Rune Lagaisse,https://orcid.org/0000-0001-9191-9140,,meio,20,2,0.32,NA,Van Veen Grab,SoSOP3,Problem with underway data,2022-10-27,"UGent MarBiol Freezer #11, Box#61",-20,Annelien Rigaux,NA,Lara Macheriotou,https://orcid.org/0000-0002-5662-5689,false,NA,to_arrive_Sep_2023,,,,,,,,http://example.com/EMOBON_BPNS_So_221027_meio_2
EMOBON-221027-BPNS-SoSOP3-Meio-R3,EMOBON mimarks-specimen sediment sample from station BPNS collected on 2022-10-27 community collected meio,http://example.com/33208,Metazoa,mimarks-specimen,sediment [ENVO:00002007],2022-10-27,http://example.com/BPNS_So_221027,Rune Lagaisse,https://orcid.org/0000-0001-9191-9140,,meio,20,3,0.32,NA,Van Veen Grab,SoSOP3,Problem with underway data,2022-10-27,"UGent MarBiol Freezer #11, Box#61",-20,Annelien Rigaux,NA,Lara Macheriotou,https://orcid.org/0000-0002-5662-5689,true,NA,NA,NA,NA,NA,NA,NA,NA,NA,http://example.com/EMOBON_BPNS_So_221027_meio_3
EMOBON-221027-BPNS-SoSOP3-Meio-R4,EMOBON mimarks-specimen sediment sample from station BPNS collected on 2022-10-27 community collected meio,http://example.com/33208,Metazoa,mimarks-specimen,sediment [ENVO:00002007],2022-10-27,http://example.com/BPNS_So_221027,Rune Lagaisse,https://orcid.org/0000-0001-9191-9140,,meio,20,4,0.32,NA,Van Veen Grab,SoSOP3,Problem with underway data,2022-10-27,"UGent MarBiol Freezer #11, Box#61",-20,Annelien Rigaux,NA,Lara Macheriotou,https://orcid.org/0000-0002-5662-5689,true,NA,NA,NA,NA,NA,NA,NA,NA,NA,http://example.com/EMOBON_BPNS_So_221027_meio_4
EMOBON-221027-BPNS-SoSOP3-Meio-B,EMOBON mimarks-specimen sediment sample from station BPNS collected on 2022-10-27 community collected meio,http://example.com/32644,unidentified,mimarks-specimen,sediment [ENVO:00002007],2022-10-27,http://example.com/BPNS_So_221027,Rune Lagaisse,https://orcid.org/0000-0001-9191-9140,,meio,20,blank,0.32,NA,Van Veen Grab,SoSOP3,Problem with underway data,2022-10-27,"UGent MarBiol Freezer #11, Box#61",-20,Annelien Rigaux,NA,Lara Macheriotou,https://orcid.org/0000-0002-5662-5689,false,NA,NA,NA,NA,NA,NA,NA,NA,NA,http://example.com/EMOBON_BPNS_So_221027_meio_blank
EMOBON-221212-BPNS-So3-Micro-R1,EMOBON metagenome sediment sample from station BPNS collected on 2022-12-12 community collected micro,http://example.com/412755,marine sediment metagenome,metagenome,sediment [ENVO:00002007],2022-12-12,http://example.com/BPNS_So_221212,Rune Lagaisse,https://orcid.org/0000-0001-9191-9140,,micro,,1,NA,NA,Van Veen Grab,SoSOP3,NA,2022-12-14,MSO LifeWatch Lab -80 Freezer,-80,Rune Lagaisse,https://orcid.org/0000-0001-9191-9140,NA,NA,false,NA,2023-06-13,2023-06-19,-70,,,,,,http://example.com/EMOBON_BPNS_So_221212_micro_1
EMOBON-221212-BPNS-So3-Micro-R2,EMOBON metagenome sediment sample from station BPNS collected on 2022-12-12 community collected micro,http://example.com/412755,marine sediment metagenome,metagenome,sediment [ENVO:00002007],2022-12-12,http://example.com/BPNS_So_221212,Rune Lagaisse,https://orcid.org/0000-0001-9191-9140,,micro,,2,NA,NA,Van Veen Grab,SoSOP3,NA,2022-12-14,MSO LifeWatch Lab -80 Freezer,-80,Rune Lagaisse,https://orcid.org/0000-0001-9191-9140,NA,NA,false,NA,2023-06-13,2023-06-19,-70,,,,,,http://example.com/EMOBON_BPNS_So_221212_micro_2
EMOBON-221212-BPNS-So3-Micro-R3,EMOBON metagenome sediment sample from station BPNS collected on 2022-12-12 community collected micro,http://example.com/412755,marine sediment metagenome,metagenome,sediment [ENVO:00002007],2022-12-12,http://example.com/BPNS_So_221212,Rune Lagaisse,https://orcid.org/0000-0001-9191-9140,,micro,,3,NA,NA,Van Veen Grab,SoSOP3,NA,2022-12-14,MSO LifeWatch Lab -80 Freezer,-80,Rune Lagaisse,https://orcid.org/0000-0001-9191-9140,NA,NA,true,NA,NA,NA,NA,NA,NA,NA,NA,NA,http://example.com/EMOBON_BPNS_So_221212_micro_3
EMOBON-221212-BPNS-So3-Micro-R4,EMOBON metagenome sediment sample from station BPNS collected on 2022-12-12 community collected micro,http://example.com/412755,marine sediment metagenome,metagenome,sediment [ENVO:00002007],2022-12-12,http://example.com/BPNS_So_221212,Rune Lagaisse,https://orcid.org/0000-0001-9191-9140,,micro,,4,NA,NA,Van Veen Grab,SoSOP3,NA,2022-12-14,MSO LifeWatch Lab -80 Freezer,-80,Rune Lagaisse,https://orcid.org/0000-0001-9191-9140,NA,NA,true,NA,NA,NA,NA,NA,NA,NA,NA,NA,http://example.com/EMOBON_BPNS_So_221212_micro_4
EMOBON-221212-BPNS-So3-Micro-B1,EMOBON metagenome sediment sample from station BPNS collected on 2022-12-12 community collected micro,http://example.com/32644,unidentified,metagenome,sediment [ENVO:00002007],2022-12-12,http://example.com/BPNS_So_221212,Rune Lagaisse,https://orcid.org/0000-0001-9191-9140,,micro,,blank,NA,NA,Van Veen Grab,SoSOP3,NA,2022-12-14,MSO LifeWatch Lab -80 Freezer,-80,Rune Lagaisse,https://orcid.org/0000-0001-9191-9140,NA,NA,false,NA,NA,NA,NA,NA,NA,NA,NA,NA,http://example.com/EMOBON_BPNS_So_221212_micro_blank
EMOBON-221212-BPNS-So3-Micro-B2,EMOBON metagenome sediment sample from station BPNS collected on 2022-12-12 community collected micro,http://example.com/32644,unidentified,metagenome,sediment [ENVO:00002007],2022-12-12,http://example.com/BPNS_So_221212,Rune Lagaisse,https://orcid.org/0000-0001-9191-9140,,micro,,blank,NA,NA,Van Veen Grab,SoSOP3,NA,2022-12-14,MSO LifeWatch Lab -80 Freezer,-80,Rune Lagaisse,https://orcid.org/0000-0001-9191-9140,NA,NA,false,NA,NA,NA,NA,NA,NA,NA,NA,NA,http://example.com/EMOBON_BPNS_So_221212_micro_blank
EMOBON-221212-BPNS-So3-Micro-B1,EMOBON metagenome sediment sample from station BPNS collected on 2022-12-12 community collected micro,http://example.com/32644,unidentified,metagenome,sediment [ENVO:00002007],2022-12-12,http://example.com/BPNS_So_221212,Rune Lagaisse,https://orcid.org/0000-0001-9191-9140,,micro,,1,NA,NA,Van Veen Grab,SoSOP3,NA,2023-04-27,MSO LifeWatch Lab -80 Freezer,-80,Rune Lagaisse,https://orcid.org/0000-0001-9191-9140,NA,NA,false,NA,NA,NA,NA,NA,NA,NA,NA,NA,http://example.com/EMOBON_BPNS_So_221212_micro_1
EMOBON-230216-BPNS-So3-Micro-R1,EMOBON metagenome sediment sample from station BPNS collected on 2023-02-16 community collected micro,http://example.com/412755,marine sediment metagenome,metagenome,sediment [ENVO:00002007],2023-02-16,http://example.com/BPNS_So_230216,Rune Lagaisse,https://orcid.org/0000-0001-9191-9140,,micro,,1,NA,NA,Van Veen Grab,SoSOP3,NA,2023-02-16,MSO LifeWatch Lab -80 Freezer,-80,Rune Lagaisse,https://orcid.org/0000-0001-9191-9140,NA,NA,false,NA,2023-06-13,2023-06-19,-70,,,,,,http://example.com/EMOBON_BPNS_So_230216_micro_1
EMOBON-230216-BPNS-So3-Micro-R2,EMOBON metagenome sediment sample from station BPNS collected on 2023-02-16 community collected micro,http://example.com/412755,marine sediment metagenome,metagenome,sediment [ENVO:00002007],2023-02-16,http://example.com/BPNS_So_230216,Rune Lagaisse,https://orcid.org/0000-0001-9191-9140,,micro,,2,NA,NA,Van Veen Grab,SoSOP3,NA,2023-02-16,MSO LifeWatch Lab -80 Freezer,-80,Rune Lagaisse,https://orcid.org/0000-0001-9191-9140,NA,NA,false,NA,2023-06-13,2023-06-19,-70,,,,,,http://example.com/EMOBON_BPNS_So_230216_micro_2
EMOBON-230216-BPNS-So3-Micro-R3,EMOBON metagenome sediment sample from station BPNS collected on 2023-02-16 community collected micro,http://example.com/412755,marine sediment metagenome,metagenome,sediment [ENVO:00002007],2023-02-16,http://example.com/BPNS_So_230216,Rune Lagaisse,https://orcid.org/0000-0001-9191-9140,,micro,,3,NA,NA,Van Veen Grab,SoSOP3,NA,2023-02-16,MSO LifeWatch Lab -80 Freezer,-80,Rune Lagaisse,https://orcid.org/0000-0001-9191-9140,NA,NA,true,NA,NA,NA,NA,NA,NA,NA,NA,NA,http://example.com/EMOBON_BPNS_So_230216_micro_3
EMOBON-230216-BPNS-So3-Micro-R4,EMOBON metagenome sediment sample from station BPNS collected on 2023-02-16 community collected micro,http://example.com/412755,marine sediment metagenome,metagenome,sediment [ENVO:00002007],2023-02-16,http://example.com/BPNS_So_230216,Rune Lagaisse,https://orcid.org/0000-0001-9191-9140,,micro,,4,NA,NA,Van Veen Grab,SoSOP3,NA,2023-02-16,MSO LifeWatch Lab -80 Freezer,-80,Rune Lagaisse,https://orcid.org/0000-0001-9191-9140,NA,NA,true,NA,NA,NA,NA,NA,NA,NA,NA,NA,http://example.com/EMOBON_BPNS_So_230216_micro_4
EMOBON-230216-BPNS-So3-Micro-B1,EMOBON metagenome sediment sample from station BPNS collected on 2023-02-16 community collected micro,http://example.com/32644,unidentified,metagenome,sediment [ENVO:00002007],2023-02-16,http://example.com/BPNS_So_230216,Rune Lagaisse,https://orcid.org/0000-0001-9191-9140,,micro,,blank,NA,NA,Van Veen Grab,SoSOP3,NA,2023-02-16,MSO LifeWatch Lab -80 Freezer,-80,Rune Lagaisse,https://orcid.org/0000-0001-9191-9140,NA,NA,false,NA,NA,NA,NA,NA,NA,NA,NA,NA,http://example.com/EMOBON_BPNS_So_230216_micro_blank
EMOBON-230216-BPNS-So3-Micro-B2,EMOBON metagenome sediment sample from station BPNS collected on 2023-02-16 community collected micro,http://example.com/32644,unidentified,metagenome,sediment [ENVO:00002007],2023-02-16,http://example.com/BPNS_So_230216,Rune Lagaisse,https://orcid.org/0000-0001-9191-9140,,micro,,blank,NA,NA,Van Veen Grab,SoSOP3,NA,2023-02-16,MSO LifeWatch Lab -80 Freezer,-80,Rune Lagaisse,https://orcid.org/0000-0001-9191-9140,NA,NA,false,NA,NA,NA,NA,NA,NA,NA,NA,NA,http://example.com/EMOBON_BPNS_So_230216_micro_blank
EMOBON-230425-BPNS-So3-Micro-R1,EMOBON metagenome sediment sample from station BPNS collected on 2023-04-25 community collected micro,http://example.com/412755,marine sediment metagenome,metagenome,sediment [ENVO:00002007],2023-04-25,http://example.com/BPNS_So_230425,Rune Lagaisse,https://orcid.org/0000-0001-9191-9140,,micro,,1,NA,NA,Van Veen Grab,SoSOP3,NA,2023-04-27,MSO LifeWatch Lab -80 Freezer,-80,Rune Lagaisse,https://orcid.org/0000-0001-9191-9140,NA,NA,false,NA,2023-06-13,2023-06-19,-70,,,,,,http://example.com/EMOBON_BPNS_So_230425_micro_1
EMOBON-230425-BPNS-So3-Micro-R2,EMOBON metagenome sediment sample from station BPNS collected on 2023-04-25 community collected micro,http://example.com/412755,marine sediment metagenome,metagenome,sediment [ENVO:00002007],2023-04-25,http://example.com/BPNS_So_230425,Rune Lagaisse,https://orcid.org/0000-0001-9191-9140,,micro,,2,NA,NA,Van Veen Grab,SoSOP3,NA,2023-04-27,MSO LifeWatch Lab -80 Freezer,-80,Rune Lagaisse,https://orcid.org/0000-0001-9191-9140,NA,NA,false,NA,2023-06-13,2023-06-19,-70,,,,,,http://example.com/EMOBON_BPNS_So_230425_micro_2
EMOBON-230425-BPNS-So3-Micro-R3,EMOBON metagenome sediment sample from station BPNS collected on 2023-04-25 community collected micro,http://example.com/412755,marine sediment metagenome,metagenome,sediment [ENVO:00002007],2023-04-25,http://example.com/BPNS_So_230425,Rune Lagaisse,https://orcid.org/0000-0001-9191-9140,,micro,,3,NA,NA,Van Veen Grab,SoSOP3,NA,2023-04-27,MSO LifeWatch Lab -80 Freezer,-80,Rune Lagaisse,https://orcid.org/0000-0001-9191-9140,NA,NA,true,NA,NA,NA,NA,NA,NA,NA,NA,NA,http://example.com/EMOBON_BPNS_So_230425_micro_3
EMOBON-230425-BPNS-So3-Micro-R4,EMOBON metagenome sediment sample from station BPNS collected on 2023-04-25 community collected micro,http://example.com/412755,marine sediment metagenome,metagenome,sediment [ENVO:00002007],2023-04-25,http://example.com/BPNS_So_230425,Rune Lagaisse,https://orcid.org/0000-0001-9191-9140,,micro,,4,NA,NA,Van Veen Grab,SoSOP3,NA,2023-04-27,MSO LifeWatch Lab -80 Freezer,-80,Rune Lagaisse,https://orcid.org/0000-0001-9191-9140,NA,NA,true,NA,NA,NA,NA,NA,NA,NA,NA,NA,http://example.com/EMOBON_BPNS_So_230425_micro_4
EMOBON-230425-BPNS-So3-Micro-B1,EMOBON metagenome sediment sample from station BPNS collected on 2023-04-25 community collected micro,http://example.com/32644,unidentified,metagenome,sediment [ENVO:00002007],2023-04-25,http://example.com/BPNS_So_230425,Rune Lagaisse,https://orcid.org/0000-0001-9191-9140,,micro,,blank,NA,NA,Van Veen Grab,SoSOP3,NA,2023-04-27,MSO LifeWatch Lab -80 Freezer,-80,Rune Lagaisse,https://orcid.org/0000-0001-9191-9140,NA,NA,false,NA,NA,NA,NA,NA,NA,NA,NA,NA,http://example.com/EMOBON_BPNS_So_230425_micro_blank
EMOBON-230425-BPNS-So3-Micro-B2,EMOBON metagenome sediment sample from station BPNS collected on 2023-04-25 community collected micro,http://example.com/32644,unidentified,metagenome,sediment [ENVO:00002007],2023-04-25,http://example.com/BPNS_So_230425,Rune Lagaisse,https://orcid.org/0000-0001-9191-9140,,micro,,blank,NA,NA,Van Veen Grab,SoSOP3,NA,2023-04-27,MSO LifeWatch Lab -80 Freezer,-80,Rune Lagaisse,https://orcid.org/0000-0001-9191-9140,NA,NA,false,NA,NA,NA,NA,NA,NA,NA,NA,NA,http://example.com/EMOBON_BPNS_So_230425_micro_blank
EMOBON-230425-BPNS-So3-Macro-R1,EMOBON mimarks-specimen sediment sample from station BPNS collected on 2023-04-25 community collected macro,http://example.com/33208,Metazoa,mimarks-specimen,sediment [ENVO:00002007],2023-04-25,http://example.com/BPNS_So_230425,Lara Macheriotou,https://orcid.org/0000-0002-5662-5689,,macro,,1,NA,NA,Van Veen Grab,SoSOP3,NA,2023-04-27,MSO LifeWatch Lab -20 Freezer 3,-20,Rune Lagaisse,https://orcid.org/0000-0001-9191-9140,NA,NA,false,NA,to_arrive_Sep_2023,2023-09-14,4,,,,,,http://example.com/EMOBON_BPNS_So_230425_macro_1
EMOBON-230425-BPNS-So3-Macro-R2,EMOBON mimarks-specimen sediment sample from station BPNS collected on 2023-04-25 community collected macro,http://example.com/33208,Metazoa,mimarks-specimen,sediment [ENVO:00002007],2023-04-25,http://example.com/BPNS_So_230425,Lara Macheriotou,https://orcid.org/0000-0002-5662-5689,,macro,,2,NA,NA,Van Veen Grab,SoSOP3,NA,2023-04-27,MSO LifeWatch Lab -20 Freezer 3,-20,Rune Lagaisse,https://orcid.org/0000-0001-9191-9140,NA,NA,false,NA,to_arrive_Sep_2023,2023-09-14,4,,,,,,http://example.com/EMOBON_BPNS_So_230425_macro_2
EMOBON-230425-BPNS-So3-Macro-R3,EMOBON mimarks-specimen sediment sample from station BPNS collected on 2023-04-25 community collected macro,http://example.com/33208,Metazoa,mimarks-specimen,sediment [ENVO:00002007],2023-04-25,http://example.com/BPNS_So_230425,Lara Macheriotou,https://orcid.org/0000-0002-5662-5689,,macro,,3,NA,NA,Van Veen Grab,SoSOP3,NA,2023-04-27,MSO LifeWatch Lab -20 Freezer 3,-20,Rune Lagaisse,https://orcid.org/0000-0001-9191-9140,NA,NA,true,NA,NA,NA,NA,NA,NA,NA,NA,NA,http://example.com/EMOBON_BPNS_So_230425_macro_3
EMOBON-230425-BPNS-So3-Macro-R4,EMOBON mimarks-specimen sediment sample from station BPNS collected on 2023-04-25 community collected macro,http://example.com/33208,Metazoa,mimarks-specimen,sediment [ENVO:00002007],2023-04-25,http://example.com/BPNS_So_230425,Lara Macheriotou,https://orcid.org/0000-0002-5662-5689,,macro,,4,NA,NA,Van Veen Grab,SoSOP3,NA,2023-04-27,MSO LifeWatch Lab -20 Freezer 3,-20,Rune Lagaisse,https://orcid.org/0000-0001-9191-9140,NA,NA,true,NA,NA,NA,NA,NA,NA,NA,NA,NA,http://example.com/EMOBON_BPNS_So_230425_macro_4
EMOBON-230425-BPNS-So3-Macro-B,EMOBON mimarks-specimen sediment sample from station BPNS collected on 2023-04-25 community collected macro,http://example.com/32644,unidentified,mimarks-specimen,sediment [ENVO:00002007],2023-04-25,http://example.com/BPNS_So_230425,Lara Macheriotou,https://orcid.org/0000-0002-5662-5689,,macro,,blank,NA,NA,Van Veen Grab,SoSOP4,NA,2023-04-27,MSO LifeWatch Lab -20 Freezer 3,-20,Rune Lagaisse,https://orcid.org/0000-0001-9191-9140,NA,NA,false,NA,NA,NA,NA,NA,NA,NA,NA,NA,http://example.com/EMOBON_BPNS_So_230425_macro_blank
EMOBON-230425-BPNS-So3-Meio-R1,EMOBON mimarks-specimen sediment sample from station BPNS collected on 2023-04-25 community collected meio,http://example.com/33208,Metazoa,mimarks-specimen,sediment [ENVO:00002007],2023-04-25,http://example.com/BPNS_So_230425,Lara Macheriotou,https://orcid.org/0000-0002-5662-5689,,meio,,1,0.32,NA,Van Veen Grab,SoSOP3,NA,2023-04-25,"UGent MarBiol Freezer #11, Box#61",-20,Lara Macheriotou,https://orcid.org/0000-0002-5662-5689,NA,NA,false,354,to_arrive_Sep_2023,,,,,,,,http://example.com/EMOBON_BPNS_So_230425_meio_1
EMOBON-230425-BPNS-So3-Meio-R2,EMOBON mimarks-specimen sediment sample from station BPNS collected on 2023-04-25 community collected meio,http://example.com/33208,Metazoa,mimarks-specimen,sediment [ENVO:00002007],2023-04-25,http://example.com/BPNS_So_230425,Lara Macheriotou,https://orcid.org/0000-0002-5662-5689,,meio,,2,0.32,NA,Van Veen Grab,SoSOP3,NA,2023-04-25,"UGent MarBiol Freezer #11, Box#61",-20,Lara Macheriotou,https://orcid.org/0000-0002-5662-5689,NA,NA,false,322,to_arrive_Sep_2023,,,,,,,,http://example.com/EMOBON_BPNS_So_230425_meio_2
EMOBON-230425-BPNS-So3-Meio-R3,EMOBON mimarks-specimen sediment sample from station BPNS collected on 2023-04-25 community collected meio,http://example.com/33208,Metazoa,mimarks-specimen,sediment [ENVO:00002007],2023-04-25,http://example.com/BPNS_So_230425,Lara Macheriotou,https://orcid.org/0000-0002-5662-5689,,meio,,3,0.32,NA,Van Veen Grab,SoSOP3,NA,2023-04-25,"UGent MarBiol Freezer #11, Box#61",-20,Lara Macheriotou,https://orcid.org/0000-0002-5662-5689,NA,NA,true,294,NA,NA,NA,NA,NA,NA,NA,NA,http://example.com/EMOBON_BPNS_So_230425_meio_3
EMOBON-230425-BPNS-So3-Meio-R4,EMOBON mimarks-specimen sediment sample from station BPNS collected on 2023-04-25 community collected meio,http://example.com/33208,Metazoa,mimarks-specimen,sediment [ENVO:00002007],2023-04-25,http://example.com/BPNS_So_230425,Lara Macheriotou,https://orcid.org/0000-0002-5662-5689,,meio,,4,0.32,NA,Van Veen Grab,SoSOP3,NA,2023-04-25,"UGent MarBiol Freezer #11, Box#61",-20,Lara Macheriotou,https://orcid.org/0000-0002-5662-5689,NA,NA,true,319,NA,NA,NA,NA,NA,NA,NA,NA,http://example.com/EMOBON_BPNS_So_230425_meio_4
EMOBON-230425-BPNS-So3-Meio-B,EMOBON mimarks-specimen sediment sample from station BPNS collected on 2023-04-25 community collected meio,http://example.com/32644,unidentified,mimarks-specimen,sediment [ENVO:00002007],2023-04-25,http://example.com/BPNS_So_230425,Lara Macheriotou,https://orcid.org/0000-0002-5662-5689,,meio,,blank,0.32,NA,Van Veen Grab,SoSOP3,NA,2023-04-25,"UGent MarBiol Freezer #11, Box#61",-20,Lara Macheriotou,https://orcid.org/0000-0002-5662-5689,NA,NA,false,NA,NA,NA,NA,NA,NA,NA,NA,NA,http://example.com/EMOBON_BPNS_So_230425_meio_blank
EMOBON-230621-BPNS-So3-Micro-R1,EMOBON metagenome sediment sample from station BPNS collected on 2023-06-21 community collected micro,http://example.com/412755,marine sediment metagenome,metagenome,sediment [ENVO:00002007],2023-06-21,http://example.com/BPNS_So_230621,Rune Lagaisse,https://orcid.org/0000-0001-9191-9140,,micro,,1,NA,NA,Van Veen Grab,SoSOP3,NA,2023-06-22,MSO LifeWatch Lab -80 Freezer,-80,Rune Lagaisse,https://orcid.org/0000-0001-9191-9140,NA,NA,false,NA,to_arrive_Sep_2023,2023-09-14,-70,,,,,,http://example.com/EMOBON_BPNS_So_230621_micro_1
EMOBON-230621-BPNS-So3-Micro-R2,EMOBON metagenome sediment sample from station BPNS collected on 2023-06-21 community collected micro,http://example.com/412755,marine sediment metagenome,metagenome,sediment [ENVO:00002007],2023-06-21,http://example.com/BPNS_So_230621,Rune Lagaisse,https://orcid.org/0000-0001-9191-9140,,micro,,2,NA,NA,Van Veen Grab,SoSOP3,NA,2023-06-22,MSO LifeWatch Lab -80 Freezer,-80,Rune Lagaisse,https://orcid.org/0000-0001-9191-9140,NA,NA,false,NA,to_arrive_Sep_2023,2023-09-14,-70,,,,,,http://example.com/EMOBON_BPNS_So_230621_micro_2
EMOBON-230621-BPNS-So3-Micro-R3,EMOBON metagenome sediment sample from station BPNS collected on 2023-06-21 community collected micro,http://example.com/412755,marine sediment metagenome,metagenome,sediment [ENVO:00002007],2023-06-21,http://example.com/BPNS_So_230621,Rune Lagaisse,https://orcid.org/0000-0001-9191-9140,,micro,,3,NA,NA,Van Veen Grab,SoSOP3,NA,2023-06-22,MSO LifeWatch Lab -80 Freezer,-80,Rune Lagaisse,https://orcid.org/0000-0001-9191-9140,NA,NA,true,NA,NA,NA,NA,NA,NA,NA,NA,NA,http://example.com/EMOBON_BPNS_So_230621_micro_3
EMOBON-230621-BPNS-So3-Micro-R4,EMOBON metagenome sediment sample from station BPNS collected on 2023-06-21 community collected micro,http://example.com/412755,marine sediment metagenome,metagenome,sediment [ENVO:00002007],2023-06-21,http://example.com/BPNS_So_230621,Rune Lagaisse,https://orcid.org/0000-0001-9191-9140,,micro,,4,NA,NA,Van Veen Grab,SoSOP3,NA,2023-06-22,MSO LifeWatch Lab -80 Freezer,-80,Rune Lagaisse,https://orcid.org/0000-0001-9191-9140,NA,NA,true,NA,NA,NA,NA,NA,NA,NA,NA,NA,http://example.com/EMOBON_BPNS_So_230621_micro_4
EMOBON-230621-BPNS-So3-Micro-B1,EMOBON metagenome sediment sample from station BPNS collected on 2023-06-21 community collected micro,http://example.com/32644,unidentified,metagenome,sediment [ENVO:00002007],2023-06-21,http://example.com/BPNS_So_230621,Rune Lagaisse,https://orcid.org/0000-0001-9191-9140,,micro,,blank,NA,NA,Van Veen Grab,SoSOP3,NA,2023-06-22,MSO LifeWatch Lab -80 Freezer,-80,Rune Lagaisse,https://orcid.org/0000-0001-9191-9140,NA,NA,false,NA,NA,NA,NA,NA,NA,NA,NA,NA,http://example.com/EMOBON_BPNS_So_230621_micro_blank
EMOBON-230621-BPNS-So3-Micro-B2,EMOBON metagenome sediment sample from station BPNS collected on 2023-06-21 community collected micro,http://example.com/32644,unidentified,metagenome,sediment [ENVO:00002007],2023-06-21,http://example.com/BPNS_So_230621,Rune Lagaisse,https://orcid.org/0000-0001-9191-9140,,micro,,blank,NA,NA,Van Veen Grab,SoSOP3,NA,2023-06-22,MSO LifeWatch Lab -80 Freezer,-80,Rune Lagaisse,https://orcid.org/0000-0001-9191-9140,NA,NA,false,NA,NA,NA,NA,NA,NA,NA,NA,NA,http://example.com/EMOBON_BPNS_So_230621_micro_blank
EMOBON-230621-BPNS-So3-Meio-R1,EMOBON mimarks-specimen sediment sample from station BPNS collected on 2023-06-21 community collected meio,http://example.com/33208,Metazoa,mimarks-specimen,sediment [ENVO:00002007],2023-06-21,http://example.com/BPNS_So_230621,Annelien Rigaux,NA,,meio,,1,0.32,NA,Van Veen Grab,SoSOP3,NA,2023-06-21,"UGent MarBiol Freezer #11, Box#61",-20,Lara Macheriotou,https://orcid.org/0000-0002-5662-5689,NA,NA,false,NA,to_arrive_Sep_2023,,,,,,,,http://example.com/EMOBON_BPNS_So_230621_meio_1
EMOBON-230621-BPNS-So3-Meio-R2,EMOBON mimarks-specimen sediment sample from station BPNS collected on 2023-06-21 community collected meio,http://example.com/33208,Metazoa,mimarks-specimen,sediment [ENVO:00002007],2023-06-21,http://example.com/BPNS_So_230621,Annelien Rigaux,NA,,meio,,2,0.32,NA,Van Veen Grab,SoSOP3,NA,2023-06-21,"UGent MarBiol Freezer #11, Box#61",-20,Lara Macheriotou,https://orcid.org/0000-0002-5662-5689,NA,NA,false,NA,to_arrive_Sep_2023,,,,,,,,http://example.com/EMOBON_BPNS_So_230621_meio_2
EMOBON-230621-BPNS-So3-Meio-R3,EMOBON mimarks-specimen sediment sample from station BPNS collected on 2023-06-21 community collected meio,http://example.com/33208,Metazoa,mimarks-specimen,sediment [ENVO:00002007],2023-06-21,http://example.com/BPNS_So_230621,Annelien Rigaux,NA,,meio,,3,0.32,NA,Van Veen Grab,SoSOP3,NA,2023-06-21,"UGent MarBiol Freezer #11, Box#61",-20,Lara Macheriotou,https://orcid.org/0000-0002-5662-5689,NA,NA,true,NA,NA,NA,NA,NA,NA,NA,NA,NA,http://example.com/EMOBON_BPNS_So_230621_meio_3
EMOBON-230621-BPNS-So3-Meio-R4,EMOBON mimarks-specimen sediment sample from station BPNS collected on 2023-06-21 community collected meio,http://example.com/33208,Metazoa,mimarks-specimen,sediment [ENVO:00002007],2023-06-21,http://example.com/BPNS_So_230621,Annelien Rigaux,NA,,meio,,4,0.32,NA,Van Veen Grab,SoSOP3,NA,2023-06-21,"UGent MarBiol Freezer #11, Box#61",-20,Lara Macheriotou,https://orcid.org/0000-0002-5662-5689,NA,NA,true,NA,NA,NA,NA,NA,NA,NA,NA,NA,http://example.com/EMOBON_BPNS_So_230621_meio_4
EMOBON-230621-BPNS-So3-Meio-B,EMOBON mimarks-specimen sediment sample from station BPNS collected on 2023-06-21 community collected meio,http://example.com/32644,unidentified,mimarks-specimen,sediment [ENVO:00002007],2023-06-21,http://example.com/BPNS_So_230621,Annelien Rigaux,NA,,meio,,blank,0.32,NA,Van Veen Grab,SoSOP3,NA,2023-06-21,"UGent MarBiol Freezer #11, Box#61",-20,Lara Macheriotou,https://orcid.org/0000-0002-5662-5689,NA,NA,false,NA,NA,NA,NA,NA,NA,NA,NA,NA,http://example.com/EMOBON_BPNS_So_230621_meio_blank
