source_mat_id_orig,samp_description,tax_id,scientific_name,investigation_type,env_material,collection_date,sampling_event,sampl_person,sampl_person_orcid,tidal_stage,depth,replicate,samp_size_vol,time_fi,size_frac,size_frac_low,size_frac_up,membr_cut,samp_collect_device,samp_mat_process,samp_mat_process_dev,samp_store_date,samp_store_loc,samp_store_temp,store_person,store_person_orcid,other_person,other_person_orcid,long_store,ship_date,arr_date_hq,store_temp_hq,ship_date_seq,arr_date_seq,failure,failure_comment,ENA_accession_number_sample,source_mat_id
EMO BON ESC68N Wa 210830 3um 1,EMOBON metagenome water sample from station ESC68N collected on 2021-08-30 size fraction 3-200um,https://www.ncbi.nlm.nih.gov/taxonomy/browser/wwwtax.cgi?id=1874687,marine plankton metagenome,metagenome,seawater [ENVO:00002149]; coastal sea water [ENVO:00002150]; surface water [ENVO:00002042],2021-08-30,ESC68N_Wa_210830,Kristel Berg,NA,no_tide,2,1,10,fi,3-200,200,3,true,Niskin,WaSOP1,NA,2021-08-30,eDNA freezer bag,-80,Kristel Berg,NA,NA,NA,false,2021-10-08,2021-10-14,-70,2021-11-24,2021-11-24,false,NA,,EMOBON_ESC68N_Wa_210830_3um_1
EMO BON ESC68N Wa 210830 3um 2,EMOBON metagenome water sample from station ESC68N collected on 2021-08-30 size fraction 3-200um,https://www.ncbi.nlm.nih.gov/taxonomy/browser/wwwtax.cgi?id=1874687,marine plankton metagenome,metagenome,seawater [ENVO:00002149]; coastal sea water [ENVO:00002150]; surface water [ENVO:00002042],2021-08-30,ESC68N_Wa_210830,Kristel Berg,NA,no_tide,2,2,10,fi,3-200,200,3,true,Niskin,WaSOP1,NA,2021-08-30,eDNA freezer bag,-80,Kristel Berg,NA,NA,NA,false,2021-10-08,2021-10-14,-70,2021-11-24,2021-11-24,false,NA,,EMOBON_ESC68N_Wa_210830_3um_2
EMO BON ESC68N Wa 210830 0.2um 1,EMOBON metagenome water sample from station ESC68N collected on 2021-08-30 size fraction 0.2-3um,https://www.ncbi.nlm.nih.gov/taxonomy/browser/wwwtax.cgi?id=1874687,marine plankton metagenome,metagenome,seawater [ENVO:00002149]; coastal sea water [ENVO:00002150]; surface water [ENVO:00002042],2021-08-30,ESC68N_Wa_210830,Kristel Berg,NA,no_tide,2,1,10,fi,0.2-3,3,0.2,true,Niskin,WaSOP1,NA,2021-08-30,eDNA freezer bag,-80,Kristel Berg,NA,NA,NA,false,2021-10-08,2021-10-14,-70,2021-11-24,2021-11-24,false,NA,,EMOBON_ESC68N_Wa_210830_0.2um_1
EMO BON ESC68N Wa 210830 0.2um 2,EMOBON metagenome water sample from station ESC68N collected on 2021-08-30 size fraction 0.2-3um,https://www.ncbi.nlm.nih.gov/taxonomy/browser/wwwtax.cgi?id=1874687,marine plankton metagenome,metagenome,seawater [ENVO:00002149]; coastal sea water [ENVO:00002150]; surface water [ENVO:00002042],2021-08-30,ESC68N_Wa_210830,Kristel Berg,NA,no_tide,2,2,10,fi,0.2-3,3,0.2,true,Niskin,WaSOP1,NA,2021-08-30,eDNA freezer bag,-80,Kristel Berg,NA,NA,NA,false,2021-10-08,2021-10-14,-70,2021-11-24,2021-11-24,false,NA,,EMOBON_ESC68N_Wa_210830_0.2um_2
EMO BON ESC68N Wa 210830 3um 3,EMOBON metagenome water sample from station ESC68N collected on 2021-08-30 size fraction 3-200um,https://www.ncbi.nlm.nih.gov/taxonomy/browser/wwwtax.cgi?id=1874687,marine plankton metagenome,metagenome,seawater [ENVO:00002149]; coastal sea water [ENVO:00002150]; surface water [ENVO:00002042],2021-08-30,ESC68N_Wa_210830,Kristel Berg,NA,no_tide,2,3,10,fi,3-200,200,3,true,Niskin,WaSOP1,NA,2021-08-30,eDNA freezer bag,-80,Kristel Berg,NA,NA,NA,true,NA,NA,NA,NA,NA,NA,NA,,EMOBON_ESC68N_Wa_210830_3um_3
EMO BON ESC68N Wa 210830 3um 4,EMOBON metagenome water sample from station ESC68N collected on 2021-08-30 size fraction 3-200um,https://www.ncbi.nlm.nih.gov/taxonomy/browser/wwwtax.cgi?id=1874687,marine plankton metagenome,metagenome,seawater [ENVO:00002149]; coastal sea water [ENVO:00002150]; surface water [ENVO:00002042],2021-08-30,ESC68N_Wa_210830,Kristel Berg,NA,no_tide,2,4,10,fi,3-200,200,3,true,Niskin,WaSOP1,NA,2021-08-30,eDNA freezer bag,-80,Kristel Berg,NA,NA,NA,true,NA,NA,NA,NA,NA,NA,NA,,EMOBON_ESC68N_Wa_210830_3um_4
EMO BON ESC68N Wa 210830 0.2um 3,EMOBON metagenome water sample from station ESC68N collected on 2021-08-30 size fraction 0.2-3um,https://www.ncbi.nlm.nih.gov/taxonomy/browser/wwwtax.cgi?id=1874687,marine plankton metagenome,metagenome,seawater [ENVO:00002149]; coastal sea water [ENVO:00002150]; surface water [ENVO:00002042],2021-08-30,ESC68N_Wa_210830,Kristel Berg,NA,no_tide,2,3,10,fi,0.2-3,3,0.2,true,Niskin,WaSOP1,NA,2021-08-30,eDNA freezer bag,-80,Kristel Berg,NA,NA,NA,true,NA,NA,NA,NA,NA,NA,NA,,EMOBON_ESC68N_Wa_210830_0.2um_3
EMO BON ESC68N Wa 210830 0.2um 4,EMOBON metagenome water sample from station ESC68N collected on 2021-08-30 size fraction 0.2-3um,https://www.ncbi.nlm.nih.gov/taxonomy/browser/wwwtax.cgi?id=1874687,marine plankton metagenome,metagenome,seawater [ENVO:00002149]; coastal sea water [ENVO:00002150]; surface water [ENVO:00002042],2021-08-30,ESC68N_Wa_210830,Kristel Berg,NA,no_tide,2,4,10,fi,0.2-3,3,0.2,true,Niskin,WaSOP1,NA,2021-08-30,eDNA freezer bag,-80,Kristel Berg,NA,NA,NA,true,NA,NA,NA,NA,NA,NA,NA,,EMOBON_ESC68N_Wa_210830_0.2um_4
EMO BON ESC68N Wa 210830 3um blank,EMOBON metagenome water sample from station ESC68N collected on 2021-08-30 size fraction 3-200um,https://www.ncbi.nlm.nih.gov/taxonomy/browser/wwwtax.cgi?id=32644,unidentified,metagenome,seawater [ENVO:00002149]; coastal sea water [ENVO:00002150]; surface water [ENVO:00002042],2021-08-30,ESC68N_Wa_210830,Kristel Berg,NA,no_tide,2,blank,10,fi,3-200,200,3,true,Niskin,WaSOP1,NA,2021-08-30,eDNA freezer bag,-80,Kristel Berg,NA,NA,NA,true,NA,NA,NA,NA,NA,NA,NA,,EMOBON_ESC68N_Wa_210830_3um_blank
EMO BON ESC68N Wa 210830 0.2um blank,EMOBON metagenome water sample from station ESC68N collected on 2021-08-30 size fraction 0.2-3um,https://www.ncbi.nlm.nih.gov/taxonomy/browser/wwwtax.cgi?id=32644,unidentified,metagenome,seawater [ENVO:00002149]; coastal sea water [ENVO:00002150]; surface water [ENVO:00002042],2021-08-30,ESC68N_Wa_210830,Kristel Berg,NA,no_tide,2,blank,10,fi,0.2-3,3,0.2,true,Niskin,WaSOP1,NA,2021-08-30,eDNA freezer bag,-80,Kristel Berg,NA,NA,NA,true,NA,NA,NA,NA,NA,NA,NA,,EMOBON_ESC68N_Wa_210830_0.2um_blank
EMO BON ESC68N Wa 211104 3um 1,EMOBON metagenome water sample from station ESC68N collected on 2021-11-04 size fraction 3-200um,https://www.ncbi.nlm.nih.gov/taxonomy/browser/wwwtax.cgi?id=1874687,marine plankton metagenome,metagenome,seawater [ENVO:00002149]; coastal sea water [ENVO:00002150]; surface water [ENVO:00002042],2021-11-04,ESC68N_Wa_211104,Kristel Berg,NA,no_tide,2,1,10,fi,3-200,200,3,true,Niskin,WaSOP1,NA,2021-11-05,eDNA freezer bag,-80,Kristel Berg,NA,NA,NA,false,2022-01-17,2022-01-22,-70,2022-02-22,2022-02-23,false,NA,,EMOBON_ESC68N_Wa_211104_3um_1
EMO BON ESC68N Wa 211104 3um 2,EMOBON metagenome water sample from station ESC68N collected on 2021-11-04 size fraction 3-200um,https://www.ncbi.nlm.nih.gov/taxonomy/browser/wwwtax.cgi?id=1874687,marine plankton metagenome,metagenome,seawater [ENVO:00002149]; coastal sea water [ENVO:00002150]; surface water [ENVO:00002042],2021-11-04,ESC68N_Wa_211104,Kristel Berg,NA,no_tide,2,2,10,fi,3-200,200,3,true,Niskin,WaSOP1,NA,2021-11-05,eDNA freezer bag,-80,Kristel Berg,NA,NA,NA,false,2022-01-17,2022-01-22,-70,2022-02-22,2022-02-23,true,low yields; seq library prep failed twice,,EMOBON_ESC68N_Wa_211104_3um_2
EMO BON ESC68N Wa 211104 0.2um 1,EMOBON metagenome water sample from station ESC68N collected on 2021-11-04 size fraction 0.2-3um,https://www.ncbi.nlm.nih.gov/taxonomy/browser/wwwtax.cgi?id=1874687,marine plankton metagenome,metagenome,seawater [ENVO:00002149]; coastal sea water [ENVO:00002150]; surface water [ENVO:00002042],2021-11-04,ESC68N_Wa_211104,Kristel Berg,NA,no_tide,2,1,10,fi,0.2-3,3,0.2,true,Niskin,WaSOP1,NA,2021-11-05,eDNA freezer bag,-80,Kristel Berg,NA,NA,NA,false,2022-01-17,2022-01-22,-70,2022-02-22,2022-02-23,true,non-quantifiable DNA after extraction,,EMOBON_ESC68N_Wa_211104_0.2um_1
EMO BON ESC68N Wa 211104 0.2um 2,EMOBON metagenome water sample from station ESC68N collected on 2021-11-04 size fraction 0.2-3um,https://www.ncbi.nlm.nih.gov/taxonomy/browser/wwwtax.cgi?id=1874687,marine plankton metagenome,metagenome,seawater [ENVO:00002149]; coastal sea water [ENVO:00002150]; surface water [ENVO:00002042],2021-11-04,ESC68N_Wa_211104,Kristel Berg,NA,no_tide,2,2,10,fi,0.2-3,3,0.2,true,Niskin,WaSOP1,NA,2021-11-05,eDNA freezer bag,-80,Kristel Berg,NA,NA,NA,false,2022-01-17,2022-01-22,-70,2022-02-22,2022-02-23,false,NA,,EMOBON_ESC68N_Wa_211104_0.2um_2
EMO BON ESC68N Wa 211104 3um 3,EMOBON metagenome water sample from station ESC68N collected on 2021-08-30 size fraction 3-200um,https://www.ncbi.nlm.nih.gov/taxonomy/browser/wwwtax.cgi?id=1874687,marine plankton metagenome,metagenome,seawater [ENVO:00002149]; coastal sea water [ENVO:00002150]; surface water [ENVO:00002042],2021-08-30,ESC68N_Wa_210830,Kristel Berg,NA,no_tide,2,3,10,fi,3-200,200,3,true,Niskin,WaSOP1,NA,2021-11-05,eDNA freezer bag,-80,Kristel Berg,NA,NA,NA,true,NA,NA,NA,NA,NA,NA,NA,,EMOBON_ESC68N_Wa_210830_3um_3
EMO BON ESC68N Wa 211104 3um 4,EMOBON metagenome water sample from station ESC68N collected on 2021-08-30 size fraction 3-200um,https://www.ncbi.nlm.nih.gov/taxonomy/browser/wwwtax.cgi?id=1874687,marine plankton metagenome,metagenome,seawater [ENVO:00002149]; coastal sea water [ENVO:00002150]; surface water [ENVO:00002042],2021-08-30,ESC68N_Wa_210830,Kristel Berg,NA,no_tide,2,4,10,fi,3-200,200,3,true,Niskin,WaSOP1,NA,2021-11-05,eDNA freezer bag,-80,Kristel Berg,NA,NA,NA,true,NA,NA,NA,NA,NA,NA,NA,,EMOBON_ESC68N_Wa_210830_3um_4
EMO BON ESC68N Wa 211104 0.2um 3,EMOBON metagenome water sample from station ESC68N collected on 2021-08-30 size fraction 0.2-3um,https://www.ncbi.nlm.nih.gov/taxonomy/browser/wwwtax.cgi?id=1874687,marine plankton metagenome,metagenome,seawater [ENVO:00002149]; coastal sea water [ENVO:00002150]; surface water [ENVO:00002042],2021-08-30,ESC68N_Wa_210830,Kristel Berg,NA,no_tide,2,3,10,fi,0.2-3,3,0.2,true,Niskin,WaSOP1,NA,2021-11-05,eDNA freezer bag,-80,Kristel Berg,NA,NA,NA,true,NA,NA,NA,NA,NA,NA,NA,,EMOBON_ESC68N_Wa_210830_0.2um_3
EMO BON ESC68N Wa 211104 0.2um 4,EMOBON metagenome water sample from station ESC68N collected on 2021-08-30 size fraction 0.2-3um,https://www.ncbi.nlm.nih.gov/taxonomy/browser/wwwtax.cgi?id=1874687,marine plankton metagenome,metagenome,seawater [ENVO:00002149]; coastal sea water [ENVO:00002150]; surface water [ENVO:00002042],2021-08-30,ESC68N_Wa_210830,Kristel Berg,NA,no_tide,2,4,10,fi,0.2-3,3,0.2,true,Niskin,WaSOP1,NA,2021-11-05,eDNA freezer bag,-80,Kristel Berg,NA,NA,NA,true,NA,NA,NA,NA,NA,NA,NA,,EMOBON_ESC68N_Wa_210830_0.2um_4
EMO BON ESC68N Wa 211104 3um blank,EMOBON metagenome water sample from station ESC68N collected on 2021-11-04 size fraction 3-200um,https://www.ncbi.nlm.nih.gov/taxonomy/browser/wwwtax.cgi?id=32644,unidentified,metagenome,seawater [ENVO:00002149]; coastal sea water [ENVO:00002150]; surface water [ENVO:00002042],2021-11-04,ESC68N_Wa_211104,Kristel Berg,NA,no_tide,2,blank,10,fi,3-200,200,3,true,Niskin,WaSOP1,NA,2021-11-05,eDNA freezer bag,-80,Kristel Berg,NA,NA,NA,false,2022-01-17,2022-01-22,-70,2022-02-22,2022-02-23,true,blank; non-quantifiable DNA after extraction,,EMOBON_ESC68N_Wa_211104_3um_blank
EMO BON ESC68N Wa 211104 0.2um blank,EMOBON metagenome water sample from station ESC68N collected on 2021-11-04 size fraction 0.2-3um,https://www.ncbi.nlm.nih.gov/taxonomy/browser/wwwtax.cgi?id=32644,unidentified,metagenome,seawater [ENVO:00002149]; coastal sea water [ENVO:00002150]; surface water [ENVO:00002042],2021-11-04,ESC68N_Wa_211104,Kristel Berg,NA,no_tide,2,blank,10,fi,0.2-3,3,0.2,true,Niskin,WaSOP1,NA,2021-11-05,eDNA freezer bag,-80,Kristel Berg,NA,NA,NA,false,2022-01-17,2022-01-22,-70,2022-02-22,2022-02-23,true,blank; non-quantifiable DNA after extraction,,EMOBON_ESC68N_Wa_211104_0.2um_blank
EMO BON ESC68N Wa 211215 3um 1,EMOBON metagenome water sample from station ESC68N collected on 2021-12-15 size fraction 3-200um,https://www.ncbi.nlm.nih.gov/taxonomy/browser/wwwtax.cgi?id=1874687,marine plankton metagenome,metagenome,seawater [ENVO:00002149]; coastal sea water [ENVO:00002150]; surface water [ENVO:00002042],2021-12-15,ESC68N_Wa_211215,Kristel Berg,NA,no_tide,2,1,10,fi,3-200,200,3,true,Niskin,WaSOP1,NA,2021-12-15,eDNA freezer bag,-80,Kristel Berg,NA,NA,NA,false,2022-01-17,2022-01-22,-70,2022-02-22,2022-02-23,true,non-quantifiable DNA after extraction,,EMOBON_ESC68N_Wa_211215_3um_1
EMO BON ESC68N Wa 211215 3um 2,EMOBON metagenome water sample from station ESC68N collected on 2021-12-15 size fraction 3-200um,https://www.ncbi.nlm.nih.gov/taxonomy/browser/wwwtax.cgi?id=1874687,marine plankton metagenome,metagenome,seawater [ENVO:00002149]; coastal sea water [ENVO:00002150]; surface water [ENVO:00002042],2021-12-15,ESC68N_Wa_211215,Kristel Berg,NA,no_tide,2,2,10,fi,3-200,200,3,true,Niskin,WaSOP1,NA,2021-12-15,eDNA freezer bag,-80,Kristel Berg,NA,NA,NA,false,2022-01-17,2022-01-22,-70,2022-02-22,2022-02-23,true,non-quantifiable DNA after extraction,,EMOBON_ESC68N_Wa_211215_3um_2
EMO BON ESC68N Wa 211215 0.2um 1,EMOBON metagenome water sample from station ESC68N collected on 2021-12-15 size fraction 0.2-3um,https://www.ncbi.nlm.nih.gov/taxonomy/browser/wwwtax.cgi?id=1874687,marine plankton metagenome,metagenome,seawater [ENVO:00002149]; coastal sea water [ENVO:00002150]; surface water [ENVO:00002042],2021-12-15,ESC68N_Wa_211215,Kristel Berg,NA,no_tide,2,1,10,fi,0.2-3,3,0.2,true,Niskin,WaSOP1,NA,2021-12-15,eDNA freezer bag,-80,Kristel Berg,NA,NA,NA,false,2022-01-17,2022-01-22,-70,2022-02-22,2022-02-23,true,non-quantifiable DNA after extraction,,EMOBON_ESC68N_Wa_211215_0.2um_1
EMO BON ESC68N Wa 211215 0.2um 2,EMOBON metagenome water sample from station ESC68N collected on 2021-12-15 size fraction 0.2-3um,https://www.ncbi.nlm.nih.gov/taxonomy/browser/wwwtax.cgi?id=1874687,marine plankton metagenome,metagenome,seawater [ENVO:00002149]; coastal sea water [ENVO:00002150]; surface water [ENVO:00002042],2021-12-15,ESC68N_Wa_211215,Kristel Berg,NA,no_tide,2,2,10,fi,0.2-3,3,0.2,true,Niskin,WaSOP1,NA,2021-12-15,eDNA freezer bag,-80,Kristel Berg,NA,NA,NA,false,2022-01-17,2022-01-22,-70,2022-02-22,2022-02-23,true,non-quantifiable DNA after extraction,,EMOBON_ESC68N_Wa_211215_0.2um_2
EMO BON ESC68N Wa 211215 3um 3,EMOBON metagenome water sample from station ESC68N collected on 2021-12-15 size fraction 3-200um,https://www.ncbi.nlm.nih.gov/taxonomy/browser/wwwtax.cgi?id=1874687,marine plankton metagenome,metagenome,seawater [ENVO:00002149]; coastal sea water [ENVO:00002150]; surface water [ENVO:00002042],2021-12-15,ESC68N_Wa_211215,Kristel Berg,NA,no_tide,2,3,10,fi,3-200,200,3,true,Niskin,WaSOP1,NA,2021-12-15,eDNA freezer bag,-80,Kristel Berg,NA,NA,NA,true,NA,NA,NA,NA,NA,NA,NA,,EMOBON_ESC68N_Wa_211215_3um_3
EMO BON ESC68N Wa 211215 3um 4,EMOBON metagenome water sample from station ESC68N collected on 2021-12-15 size fraction 3-200um,https://www.ncbi.nlm.nih.gov/taxonomy/browser/wwwtax.cgi?id=1874687,marine plankton metagenome,metagenome,seawater [ENVO:00002149]; coastal sea water [ENVO:00002150]; surface water [ENVO:00002042],2021-12-15,ESC68N_Wa_211215,Kristel Berg,NA,no_tide,2,4,10,fi,3-200,200,3,true,Niskin,WaSOP1,NA,2021-12-15,eDNA freezer bag,-80,Kristel Berg,NA,NA,NA,true,NA,NA,NA,NA,NA,NA,NA,,EMOBON_ESC68N_Wa_211215_3um_4
EMO BON ESC68N Wa 211215 0.2um 3,EMOBON metagenome water sample from station ESC68N collected on 2021-12-15 size fraction 0.2-3um,https://www.ncbi.nlm.nih.gov/taxonomy/browser/wwwtax.cgi?id=1874687,marine plankton metagenome,metagenome,seawater [ENVO:00002149]; coastal sea water [ENVO:00002150]; surface water [ENVO:00002042],2021-12-15,ESC68N_Wa_211215,Kristel Berg,NA,no_tide,2,3,10,fi,0.2-3,3,0.2,true,Niskin,WaSOP1,NA,2021-12-15,eDNA freezer bag,-80,Kristel Berg,NA,NA,NA,true,NA,NA,NA,NA,NA,NA,NA,,EMOBON_ESC68N_Wa_211215_0.2um_3
EMO BON ESC68N Wa 211215 0.2um 4,EMOBON metagenome water sample from station ESC68N collected on 2021-12-15 size fraction 0.2-3um,https://www.ncbi.nlm.nih.gov/taxonomy/browser/wwwtax.cgi?id=1874687,marine plankton metagenome,metagenome,seawater [ENVO:00002149]; coastal sea water [ENVO:00002150]; surface water [ENVO:00002042],2021-12-15,ESC68N_Wa_211215,Kristel Berg,NA,no_tide,2,4,10,fi,0.2-3,3,0.2,true,Niskin,WaSOP1,NA,2021-12-15,eDNA freezer bag,-80,Kristel Berg,NA,NA,NA,true,NA,NA,NA,NA,NA,NA,NA,,EMOBON_ESC68N_Wa_211215_0.2um_4
EMO BON ESC68N Wa 211215 3um blank,EMOBON metagenome water sample from station ESC68N collected on 2021-12-15 size fraction 3-200um,https://www.ncbi.nlm.nih.gov/taxonomy/browser/wwwtax.cgi?id=32644,unidentified,metagenome,seawater [ENVO:00002149]; coastal sea water [ENVO:00002150]; surface water [ENVO:00002042],2021-12-15,ESC68N_Wa_211215,Kristel Berg,NA,no_tide,2,blank,10,fi,3-200,200,3,true,Niskin,WaSOP1,NA,2021-12-15,eDNA freezer bag,-80,Kristel Berg,NA,NA,NA,true,NA,NA,NA,NA,NA,NA,NA,,EMOBON_ESC68N_Wa_211215_3um_blank
EMO BON ESC68N Wa 211215 0.2um blank,EMOBON metagenome water sample from station ESC68N collected on 2021-12-15 size fraction 0.2-3um,https://www.ncbi.nlm.nih.gov/taxonomy/browser/wwwtax.cgi?id=32644,unidentified,metagenome,seawater [ENVO:00002149]; coastal sea water [ENVO:00002150]; surface water [ENVO:00002042],2021-12-15,ESC68N_Wa_211215,Kristel Berg,NA,no_tide,2,blank,10,fi,0.2-3,3,0.2,true,Niskin,WaSOP1,NA,2021-12-15,eDNA freezer bag,-80,Kristel Berg,NA,NA,NA,true,NA,NA,NA,NA,NA,NA,NA,,EMOBON_ESC68N_Wa_211215_0.2um_blank
EMO BON ESC68N Wa 220209 3um 1,EMOBON metagenome water sample from station ESC68N collected on 2022-02-09 size fraction 3-200um,https://www.ncbi.nlm.nih.gov/taxonomy/browser/wwwtax.cgi?id=1874687,marine plankton metagenome,metagenome,seawater [ENVO:00002149]; coastal sea water [ENVO:00002150]; surface water [ENVO:00002042],2022-02-09,ESC68N_Wa_220209,Kristel Berg,NA,no_tide,2,1,10,fi,3-200,200,3,true,Niskin,WaSOP1,NA,2022-02-09,eDNA freezer bag,-80,Kristel Berg,NA,NA,NA,false,2022-10-10,2022-10-12,-70,2023-06-01,2023-06-01,,,,EMOBON_ESC68N_Wa_220209_3um_1
EMO BON ESC68N Wa 220209 3um 2,EMOBON metagenome water sample from station ESC68N collected on 2022-02-09 size fraction 3-200um,https://www.ncbi.nlm.nih.gov/taxonomy/browser/wwwtax.cgi?id=1874687,marine plankton metagenome,metagenome,seawater [ENVO:00002149]; coastal sea water [ENVO:00002150]; surface water [ENVO:00002042],2022-02-09,ESC68N_Wa_220209,Kristel Berg,NA,no_tide,2,2,10,fi,3-200,200,3,true,Niskin,WaSOP1,NA,2022-02-09,eDNA freezer bag,-80,Kristel Berg,NA,NA,NA,false,2022-10-10,2022-10-12,-70,2023-06-01,2023-06-01,,,,EMOBON_ESC68N_Wa_220209_3um_2
EMO BON ESC68N Wa 220209 0.2um 1,EMOBON metagenome water sample from station ESC68N collected on 2022-02-09 size fraction 0.2-3um,https://www.ncbi.nlm.nih.gov/taxonomy/browser/wwwtax.cgi?id=1874687,marine plankton metagenome,metagenome,seawater [ENVO:00002149]; coastal sea water [ENVO:00002150]; surface water [ENVO:00002042],2022-02-09,ESC68N_Wa_220209,Kristel Berg,NA,no_tide,2,1,10,fi,0.2-3,3,0.2,true,Niskin,WaSOP1,NA,2022-02-09,eDNA freezer bag,-80,Kristel Berg,NA,NA,NA,false,2022-10-10,2022-10-12,-70,2023-06-01,2023-06-01,,,,EMOBON_ESC68N_Wa_220209_0.2um_1
EMO BON ESC68N Wa 220209 0.2um 2,EMOBON metagenome water sample from station ESC68N collected on 2022-02-09 size fraction 0.2-3um,https://www.ncbi.nlm.nih.gov/taxonomy/browser/wwwtax.cgi?id=1874687,marine plankton metagenome,metagenome,seawater [ENVO:00002149]; coastal sea water [ENVO:00002150]; surface water [ENVO:00002042],2022-02-09,ESC68N_Wa_220209,Kristel Berg,NA,no_tide,2,2,10,fi,0.2-3,3,0.2,true,Niskin,WaSOP1,NA,2022-02-09,eDNA freezer bag,-80,Kristel Berg,NA,NA,NA,false,2022-10-10,2022-10-12,-70,2023-06-01,2023-06-01,,,,EMOBON_ESC68N_Wa_220209_0.2um_2
EMO BON ESC68N Wa 220209 3um 3,EMOBON metagenome water sample from station ESC68N collected on 2022-02-09 size fraction 3-200um,https://www.ncbi.nlm.nih.gov/taxonomy/browser/wwwtax.cgi?id=1874687,marine plankton metagenome,metagenome,seawater [ENVO:00002149]; coastal sea water [ENVO:00002150]; surface water [ENVO:00002042],2022-02-09,ESC68N_Wa_220209,Kristel Berg,NA,no_tide,2,3,10,fi,3-200,200,3,true,Niskin,WaSOP1,NA,2022-02-09,eDNA freezer bag,-80,Kristel Berg,NA,NA,NA,true,NA,NA,NA,NA,NA,NA,,,EMOBON_ESC68N_Wa_220209_3um_3
EMO BON ESC68N Wa 220209 3um 4,EMOBON metagenome water sample from station ESC68N collected on 2022-02-09 size fraction 3-200um,https://www.ncbi.nlm.nih.gov/taxonomy/browser/wwwtax.cgi?id=1874687,marine plankton metagenome,metagenome,seawater [ENVO:00002149]; coastal sea water [ENVO:00002150]; surface water [ENVO:00002042],2022-02-09,ESC68N_Wa_220209,Kristel Berg,NA,no_tide,2,4,10,fi,3-200,200,3,true,Niskin,WaSOP1,NA,2022-02-09,eDNA freezer bag,-80,Kristel Berg,NA,NA,NA,true,NA,NA,NA,NA,NA,NA,,,EMOBON_ESC68N_Wa_220209_3um_4
EMO BON ESC68N Wa 220209 0.2um 3,EMOBON metagenome water sample from station ESC68N collected on 2022-02-09 size fraction 0.2-3um,https://www.ncbi.nlm.nih.gov/taxonomy/browser/wwwtax.cgi?id=1874687,marine plankton metagenome,metagenome,seawater [ENVO:00002149]; coastal sea water [ENVO:00002150]; surface water [ENVO:00002042],2022-02-09,ESC68N_Wa_220209,Kristel Berg,NA,no_tide,2,3,10,fi,0.2-3,3,0.2,true,Niskin,WaSOP1,NA,2022-02-09,eDNA freezer bag,-80,Kristel Berg,NA,NA,NA,true,NA,NA,NA,NA,NA,NA,,,EMOBON_ESC68N_Wa_220209_0.2um_3
EMO BON ESC68N Wa 220209 0.2um 4,EMOBON metagenome water sample from station ESC68N collected on 2022-02-09 size fraction 0.2-3um,https://www.ncbi.nlm.nih.gov/taxonomy/browser/wwwtax.cgi?id=1874687,marine plankton metagenome,metagenome,seawater [ENVO:00002149]; coastal sea water [ENVO:00002150]; surface water [ENVO:00002042],2022-02-09,ESC68N_Wa_220209,Kristel Berg,NA,no_tide,2,4,10,fi,0.2-3,3,0.2,true,Niskin,WaSOP1,NA,2022-02-09,eDNA freezer bag,-80,Kristel Berg,NA,NA,NA,true,NA,NA,NA,NA,NA,NA,,,EMOBON_ESC68N_Wa_220209_0.2um_4
EMO BON ESC68N Wa 220209 3um blank,EMOBON metagenome water sample from station ESC68N collected on 2022-02-09 size fraction 3-200um,https://www.ncbi.nlm.nih.gov/taxonomy/browser/wwwtax.cgi?id=32644,unidentified,metagenome,seawater [ENVO:00002149]; coastal sea water [ENVO:00002150]; surface water [ENVO:00002042],2022-02-09,ESC68N_Wa_220209,Kristel Berg,NA,no_tide,2,blank,10,fi,3-200,200,3,true,Niskin,WaSOP1,NA,2022-02-09,eDNA freezer bag,-80,Kristel Berg,NA,NA,NA,true,NA,NA,NA,NA,NA,NA,,,EMOBON_ESC68N_Wa_220209_3um_blank
EMO BON ESC68N Wa 220209 0.2um blank,EMOBON metagenome water sample from station ESC68N collected on 2022-02-09 size fraction 0.2-3um,https://www.ncbi.nlm.nih.gov/taxonomy/browser/wwwtax.cgi?id=32644,unidentified,metagenome,seawater [ENVO:00002149]; coastal sea water [ENVO:00002150]; surface water [ENVO:00002042],2022-02-09,ESC68N_Wa_220209,Kristel Berg,NA,no_tide,2,blank,10,fi,0.2-3,3,0.2,true,Niskin,WaSOP1,NA,2022-02-09,eDNA freezer bag,-80,Kristel Berg,NA,NA,NA,true,NA,NA,NA,NA,NA,NA,,,EMOBON_ESC68N_Wa_220209_0.2um_blank
EMO BON ESC68N Wa 220505 3um 1,EMOBON metagenome water sample from station ESC68N collected on 2022-05-05 size fraction 3-200um,https://www.ncbi.nlm.nih.gov/taxonomy/browser/wwwtax.cgi?id=1874687,marine plankton metagenome,metagenome,seawater [ENVO:00002149]; coastal sea water [ENVO:00002150]; surface water [ENVO:00002042],2022-05-05,ESC68N_Wa_220505,Kristel Berg,NA,no_tide,2,1,10,fi,3-200,200,3,true,Niskin,WaSOP1,NA,2022-05-06,eDNA freezer bag,-80,Kristel Berg,NA,NA,NA,false,2022-10-10,2022-10-12,-70,2023-06-01,2023-06-01,,,,EMOBON_ESC68N_Wa_220505_3um_1
EMO BON ESC68N Wa 220505 3um 2,EMOBON metagenome water sample from station ESC68N collected on 2022-05-05 size fraction 3-200um,https://www.ncbi.nlm.nih.gov/taxonomy/browser/wwwtax.cgi?id=1874687,marine plankton metagenome,metagenome,seawater [ENVO:00002149]; coastal sea water [ENVO:00002150]; surface water [ENVO:00002042],2022-05-05,ESC68N_Wa_220505,Kristel Berg,NA,no_tide,2,2,10,fi,3-200,200,3,true,Niskin,WaSOP1,NA,2022-05-06,eDNA freezer bag,-80,Kristel Berg,NA,NA,NA,false,2022-10-10,2022-10-12,-70,2023-06-01,2023-06-01,,,,EMOBON_ESC68N_Wa_220505_3um_2
EMO BON ESC68N Wa 220505 0.2um 1,EMOBON metagenome water sample from station ESC68N collected on 2022-05-05 size fraction 0.2-3um,https://www.ncbi.nlm.nih.gov/taxonomy/browser/wwwtax.cgi?id=1874687,marine plankton metagenome,metagenome,seawater [ENVO:00002149]; coastal sea water [ENVO:00002150]; surface water [ENVO:00002042],2022-05-05,ESC68N_Wa_220505,Kristel Berg,NA,no_tide,2,1,10,fi,0.2-3,3,0.2,true,Niskin,WaSOP1,NA,2022-05-06,eDNA freezer bag,-80,Kristel Berg,NA,NA,NA,false,2022-10-10,2022-10-12,-70,2023-06-01,2023-06-01,,,,EMOBON_ESC68N_Wa_220505_0.2um_1
EMO BON ESC68N Wa 220505 0.2um 2,EMOBON metagenome water sample from station ESC68N collected on 2022-05-05 size fraction 0.2-3um,https://www.ncbi.nlm.nih.gov/taxonomy/browser/wwwtax.cgi?id=1874687,marine plankton metagenome,metagenome,seawater [ENVO:00002149]; coastal sea water [ENVO:00002150]; surface water [ENVO:00002042],2022-05-05,ESC68N_Wa_220505,Kristel Berg,NA,no_tide,2,2,10,fi,0.2-3,3,0.2,true,Niskin,WaSOP1,NA,2022-05-06,eDNA freezer bag,-80,Kristel Berg,NA,NA,NA,false,2022-10-10,2022-10-12,-70,2023-06-01,2023-06-01,,,,EMOBON_ESC68N_Wa_220505_0.2um_2
EMO BON ESC68N Wa 220505 3um 3,EMOBON metagenome water sample from station ESC68N collected on 2022-05-05 size fraction 3-200um,https://www.ncbi.nlm.nih.gov/taxonomy/browser/wwwtax.cgi?id=1874687,marine plankton metagenome,metagenome,seawater [ENVO:00002149]; coastal sea water [ENVO:00002150]; surface water [ENVO:00002042],2022-05-05,ESC68N_Wa_220505,Kristel Berg,NA,no_tide,2,3,10,fi,3-200,200,3,true,Niskin,WaSOP1,NA,2022-05-06,eDNA freezer bag,-80,Kristel Berg,NA,NA,NA,true,NA,NA,NA,NA,NA,NA,,,EMOBON_ESC68N_Wa_220505_3um_3
EMO BON ESC68N Wa 220505 3um 4,EMOBON metagenome water sample from station ESC68N collected on 2022-05-05 size fraction 3-200um,https://www.ncbi.nlm.nih.gov/taxonomy/browser/wwwtax.cgi?id=1874687,marine plankton metagenome,metagenome,seawater [ENVO:00002149]; coastal sea water [ENVO:00002150]; surface water [ENVO:00002042],2022-05-05,ESC68N_Wa_220505,Kristel Berg,NA,no_tide,2,4,10,fi,3-200,200,3,true,Niskin,WaSOP1,NA,2022-05-06,eDNA freezer bag,-80,Kristel Berg,NA,NA,NA,true,NA,NA,NA,NA,NA,NA,,,EMOBON_ESC68N_Wa_220505_3um_4
EMO BON ESC68N Wa 220505 0.2um 3,EMOBON metagenome water sample from station ESC68N collected on 2022-05-05 size fraction 0.2-3um,https://www.ncbi.nlm.nih.gov/taxonomy/browser/wwwtax.cgi?id=1874687,marine plankton metagenome,metagenome,seawater [ENVO:00002149]; coastal sea water [ENVO:00002150]; surface water [ENVO:00002042],2022-05-05,ESC68N_Wa_220505,Kristel Berg,NA,no_tide,2,3,10,fi,0.2-3,3,0.2,true,Niskin,WaSOP1,NA,2022-05-06,eDNA freezer bag,-80,Kristel Berg,NA,NA,NA,true,NA,NA,NA,NA,NA,NA,,,EMOBON_ESC68N_Wa_220505_0.2um_3
EMO BON ESC68N Wa 220505 0.2um 4,EMOBON metagenome water sample from station ESC68N collected on 2022-05-05 size fraction 0.2-3um,https://www.ncbi.nlm.nih.gov/taxonomy/browser/wwwtax.cgi?id=1874687,marine plankton metagenome,metagenome,seawater [ENVO:00002149]; coastal sea water [ENVO:00002150]; surface water [ENVO:00002042],2022-05-05,ESC68N_Wa_220505,Kristel Berg,NA,no_tide,2,4,10,fi,0.2-3,3,0.2,true,Niskin,WaSOP1,NA,2022-05-06,eDNA freezer bag,-80,Kristel Berg,NA,NA,NA,true,NA,NA,NA,NA,NA,NA,,,EMOBON_ESC68N_Wa_220505_0.2um_4
EMO BON ESC68N Wa 220505 3um blank,EMOBON metagenome water sample from station ESC68N collected on 2022-05-05 size fraction 3-200um,https://www.ncbi.nlm.nih.gov/taxonomy/browser/wwwtax.cgi?id=32644,unidentified,metagenome,seawater [ENVO:00002149]; coastal sea water [ENVO:00002150]; surface water [ENVO:00002042],2022-05-05,ESC68N_Wa_220505,Kristel Berg,NA,no_tide,2,blank,10,fi,3-200,200,3,true,Niskin,WaSOP1,NA,2022-05-06,eDNA freezer bag,-80,Kristel Berg,NA,NA,NA,true,NA,NA,NA,NA,NA,NA,,,EMOBON_ESC68N_Wa_220505_3um_blank
EMO BON ESC68N Wa 220505 0.2um blank,EMOBON metagenome water sample from station ESC68N collected on 2022-05-05 size fraction 0.2-3um,https://www.ncbi.nlm.nih.gov/taxonomy/browser/wwwtax.cgi?id=32644,unidentified,metagenome,seawater [ENVO:00002149]; coastal sea water [ENVO:00002150]; surface water [ENVO:00002042],2022-05-05,ESC68N_Wa_220505,Kristel Berg,NA,no_tide,2,blank,10,fi,0.2-3,3,0.2,true,Niskin,WaSOP1,NA,2022-05-06,eDNA freezer bag,-80,Kristel Berg,NA,NA,NA,true,NA,NA,NA,NA,NA,NA,,,EMOBON_ESC68N_Wa_220505_0.2um_blank
EMO BON ESC68N Wa 220614 3um 1,EMOBON metagenome water sample from station ESC68N collected on 2022-06-14 size fraction 3-200um,https://www.ncbi.nlm.nih.gov/taxonomy/browser/wwwtax.cgi?id=1874687,marine plankton metagenome,metagenome,seawater [ENVO:00002149]; coastal sea water [ENVO:00002150]; surface water [ENVO:00002042],2022-06-14,ESC68N_Wa_220614,Kristel Berg,NA,no_tide,2,1,10,fi,3-200,200,3,true,Niskin,WaSOP1,NA,2022-06-15,eDNA freezer bag,-80,Kristel Berg,NA,NA,NA,false,2022-10-10,2022-10-12,-70,2023-06-01,2023-06-01,,,,EMOBON_ESC68N_Wa_220614_3um_1
EMO BON ESC68N Wa 220614 3um 2,EMOBON metagenome water sample from station ESC68N collected on 2022-06-14 size fraction 3-200um,https://www.ncbi.nlm.nih.gov/taxonomy/browser/wwwtax.cgi?id=1874687,marine plankton metagenome,metagenome,seawater [ENVO:00002149]; coastal sea water [ENVO:00002150]; surface water [ENVO:00002042],2022-06-14,ESC68N_Wa_220614,Kristel Berg,NA,no_tide,2,2,10,fi,3-200,200,3,true,Niskin,WaSOP1,NA,2022-06-15,eDNA freezer bag,-80,Kristel Berg,NA,NA,NA,false,2022-10-10,2022-10-12,-70,2023-06-01,2023-06-01,,,,EMOBON_ESC68N_Wa_220614_3um_2
EMO BON ESC68N Wa 220614 0.2um 1,EMOBON metagenome water sample from station ESC68N collected on 2022-06-14 size fraction 0.2-3um,https://www.ncbi.nlm.nih.gov/taxonomy/browser/wwwtax.cgi?id=1874687,marine plankton metagenome,metagenome,seawater [ENVO:00002149]; coastal sea water [ENVO:00002150]; surface water [ENVO:00002042],2022-06-14,ESC68N_Wa_220614,Kristel Berg,NA,no_tide,2,1,10,fi,0.2-3,3,0.2,true,Niskin,WaSOP1,NA,2022-06-15,eDNA freezer bag,-80,Kristel Berg,NA,NA,NA,false,2022-10-10,2022-10-12,-70,2023-06-01,2023-06-01,,,,EMOBON_ESC68N_Wa_220614_0.2um_1
EMO BON ESC68N Wa 220614 0.2um 2,EMOBON metagenome water sample from station ESC68N collected on 2022-06-14 size fraction 0.2-3um,https://www.ncbi.nlm.nih.gov/taxonomy/browser/wwwtax.cgi?id=1874687,marine plankton metagenome,metagenome,seawater [ENVO:00002149]; coastal sea water [ENVO:00002150]; surface water [ENVO:00002042],2022-06-14,ESC68N_Wa_220614,Kristel Berg,NA,no_tide,2,2,10,fi,0.2-3,3,0.2,true,Niskin,WaSOP1,NA,2022-06-15,eDNA freezer bag,-80,Kristel Berg,NA,NA,NA,false,2022-10-10,2022-10-12,-70,2023-06-01,2023-06-01,,,,EMOBON_ESC68N_Wa_220614_0.2um_2
EMO BON ESC68N Wa 220614 3um 3,EMOBON metagenome water sample from station ESC68N collected on 2022-06-14 size fraction 3-200um,https://www.ncbi.nlm.nih.gov/taxonomy/browser/wwwtax.cgi?id=1874687,marine plankton metagenome,metagenome,seawater [ENVO:00002149]; coastal sea water [ENVO:00002150]; surface water [ENVO:00002042],2022-06-14,ESC68N_Wa_220614,Kristel Berg,NA,no_tide,2,3,10,fi,3-200,200,3,true,Niskin,WaSOP1,NA,2022-06-15,eDNA freezer bag,-80,Kristel Berg,NA,NA,NA,true,NA,NA,NA,NA,NA,NA,,,EMOBON_ESC68N_Wa_220614_3um_3
EMO BON ESC68N Wa 220614 3um 4,EMOBON metagenome water sample from station ESC68N collected on 2022-06-14 size fraction 3-200um,https://www.ncbi.nlm.nih.gov/taxonomy/browser/wwwtax.cgi?id=1874687,marine plankton metagenome,metagenome,seawater [ENVO:00002149]; coastal sea water [ENVO:00002150]; surface water [ENVO:00002042],2022-06-14,ESC68N_Wa_220614,Kristel Berg,NA,no_tide,2,4,10,fi,3-200,200,3,true,Niskin,WaSOP1,NA,2022-06-15,eDNA freezer bag,-80,Kristel Berg,NA,NA,NA,true,NA,NA,NA,NA,NA,NA,,,EMOBON_ESC68N_Wa_220614_3um_4
EMO BON ESC68N Wa 220614 0.2um 3,EMOBON metagenome water sample from station ESC68N collected on 2022-06-14 size fraction 0.2-3um,https://www.ncbi.nlm.nih.gov/taxonomy/browser/wwwtax.cgi?id=1874687,marine plankton metagenome,metagenome,seawater [ENVO:00002149]; coastal sea water [ENVO:00002150]; surface water [ENVO:00002042],2022-06-14,ESC68N_Wa_220614,Kristel Berg,NA,no_tide,2,3,10,fi,0.2-3,3,0.2,true,Niskin,WaSOP1,NA,2022-06-15,eDNA freezer bag,-80,Kristel Berg,NA,NA,NA,true,NA,NA,NA,NA,NA,NA,,,EMOBON_ESC68N_Wa_220614_0.2um_3
EMO BON ESC68N Wa 220614 0.2um 4,EMOBON metagenome water sample from station ESC68N collected on 2022-06-14 size fraction 0.2-3um,https://www.ncbi.nlm.nih.gov/taxonomy/browser/wwwtax.cgi?id=1874687,marine plankton metagenome,metagenome,seawater [ENVO:00002149]; coastal sea water [ENVO:00002150]; surface water [ENVO:00002042],2022-06-14,ESC68N_Wa_220614,Kristel Berg,NA,no_tide,2,4,10,fi,0.2-3,3,0.2,true,Niskin,WaSOP1,NA,2022-06-15,eDNA freezer bag,-80,Kristel Berg,NA,NA,NA,true,NA,NA,NA,NA,NA,NA,,,EMOBON_ESC68N_Wa_220614_0.2um_4
EMO BON ESC68N Wa 220614 3um blank,EMOBON metagenome water sample from station ESC68N collected on 2022-06-14 size fraction 3-200um,https://www.ncbi.nlm.nih.gov/taxonomy/browser/wwwtax.cgi?id=32644,unidentified,metagenome,seawater [ENVO:00002149]; coastal sea water [ENVO:00002150]; surface water [ENVO:00002042],2022-06-14,ESC68N_Wa_220614,Kristel Berg,NA,no_tide,2,blank,10,fi,3-200,200,3,true,Niskin,WaSOP1,NA,2022-06-15,eDNA freezer bag,-80,Kristel Berg,NA,NA,NA,true,NA,NA,NA,NA,NA,NA,,,EMOBON_ESC68N_Wa_220614_3um_blank
EMO BON ESC68N Wa 220614 0.2um blank,EMOBON metagenome water sample from station ESC68N collected on 2022-06-14 size fraction 0.2-3um,https://www.ncbi.nlm.nih.gov/taxonomy/browser/wwwtax.cgi?id=32644,unidentified,metagenome,seawater [ENVO:00002149]; coastal sea water [ENVO:00002150]; surface water [ENVO:00002042],2022-06-14,ESC68N_Wa_220614,Kristel Berg,NA,no_tide,2,blank,10,fi,0.2-3,3,0.2,true,Niskin,WaSOP1,NA,2022-06-15,eDNA freezer bag,-80,Kristel Berg,NA,NA,NA,true,NA,NA,NA,NA,NA,NA,,,EMOBON_ESC68N_Wa_220614_0.2um_blank
EMO BON ESC68N Wa 220824 3um 1,EMOBON metagenome water sample from station ESC68N collected on 2022-08-24 size fraction 3-200um,https://www.ncbi.nlm.nih.gov/taxonomy/browser/wwwtax.cgi?id=1874687,marine plankton metagenome,metagenome,seawater [ENVO:00002149]; coastal sea water [ENVO:00002150]; surface water [ENVO:00002042],2022-08-24,ESC68N_Wa_220824,Kristel Berg,NA,no_tide,2,1,10,fi,3-200,200,3,true,Niskin,WaSOP1,NA,2022-08-24,eDNA freezer bag,-80,Kristel Berg,NA,NA,NA,false,2022-10-10,2022-10-12,-70,2023-06-01,2023-06-01,,,,EMOBON_ESC68N_Wa_220824_3um_1
EMO BON ESC68N Wa 220824 3um 2,EMOBON metagenome water sample from station ESC68N collected on 2022-08-24 size fraction 3-200um,https://www.ncbi.nlm.nih.gov/taxonomy/browser/wwwtax.cgi?id=1874687,marine plankton metagenome,metagenome,seawater [ENVO:00002149]; coastal sea water [ENVO:00002150]; surface water [ENVO:00002042],2022-08-24,ESC68N_Wa_220824,Kristel Berg,NA,no_tide,2,2,10,fi,3-200,200,3,true,Niskin,WaSOP1,NA,2022-08-24,eDNA freezer bag,-80,Kristel Berg,NA,NA,NA,false,2022-10-10,2022-10-12,-70,2023-06-01,2023-06-01,,,,EMOBON_ESC68N_Wa_220824_3um_2
EMO BON ESC68N Wa 220824 0.2um 1,EMOBON metagenome water sample from station ESC68N collected on 2022-08-24 size fraction 0.2-3um,https://www.ncbi.nlm.nih.gov/taxonomy/browser/wwwtax.cgi?id=1874687,marine plankton metagenome,metagenome,seawater [ENVO:00002149]; coastal sea water [ENVO:00002150]; surface water [ENVO:00002042],2022-08-24,ESC68N_Wa_220824,Kristel Berg,NA,no_tide,2,1,10,fi,0.2-3,3,0.2,true,Niskin,WaSOP1,NA,2022-08-24,eDNA freezer bag,-80,Kristel Berg,NA,NA,NA,false,2022-10-10,2022-10-12,-70,2023-06-01,2023-06-01,,,,EMOBON_ESC68N_Wa_220824_0.2um_1
EMO BON ESC68N Wa 220824 0.2um 2,EMOBON metagenome water sample from station ESC68N collected on 2022-08-24 size fraction 0.2-3um,https://www.ncbi.nlm.nih.gov/taxonomy/browser/wwwtax.cgi?id=1874687,marine plankton metagenome,metagenome,seawater [ENVO:00002149]; coastal sea water [ENVO:00002150]; surface water [ENVO:00002042],2022-08-24,ESC68N_Wa_220824,Kristel Berg,NA,no_tide,2,2,10,fi,0.2-3,3,0.2,true,Niskin,WaSOP1,NA,2022-08-24,eDNA freezer bag,-80,Kristel Berg,NA,NA,NA,false,2022-10-10,2022-10-12,-70,2023-06-01,2023-06-01,,,,EMOBON_ESC68N_Wa_220824_0.2um_2
EMO BON ESC68N Wa 220824 3um 3,EMOBON metagenome water sample from station ESC68N collected on 2022-08-24 size fraction 3-200um,https://www.ncbi.nlm.nih.gov/taxonomy/browser/wwwtax.cgi?id=1874687,marine plankton metagenome,metagenome,seawater [ENVO:00002149]; coastal sea water [ENVO:00002150]; surface water [ENVO:00002042],2022-08-24,ESC68N_Wa_220824,Kristel Berg,NA,no_tide,2,3,10,fi,3-200,200,3,true,Niskin,WaSOP1,NA,2022-08-24,eDNA freezer bag,-80,Kristel Berg,NA,NA,NA,true,NA,NA,NA,NA,NA,NA,,,EMOBON_ESC68N_Wa_220824_3um_3
EMO BON ESC68N Wa 220824 3um 4,EMOBON metagenome water sample from station ESC68N collected on 2022-08-24 size fraction 3-200um,https://www.ncbi.nlm.nih.gov/taxonomy/browser/wwwtax.cgi?id=1874687,marine plankton metagenome,metagenome,seawater [ENVO:00002149]; coastal sea water [ENVO:00002150]; surface water [ENVO:00002042],2022-08-24,ESC68N_Wa_220824,Kristel Berg,NA,no_tide,2,4,10,fi,3-200,200,3,true,Niskin,WaSOP1,NA,2022-08-24,eDNA freezer bag,-80,Kristel Berg,NA,NA,NA,true,NA,NA,NA,NA,NA,NA,,,EMOBON_ESC68N_Wa_220824_3um_4
EMO BON ESC68N Wa 220824 0.2um 3,EMOBON metagenome water sample from station ESC68N collected on 2022-08-24 size fraction 0.2-3um,https://www.ncbi.nlm.nih.gov/taxonomy/browser/wwwtax.cgi?id=1874687,marine plankton metagenome,metagenome,seawater [ENVO:00002149]; coastal sea water [ENVO:00002150]; surface water [ENVO:00002042],2022-08-24,ESC68N_Wa_220824,Kristel Berg,NA,no_tide,2,3,10,fi,0.2-3,3,0.2,true,Niskin,WaSOP1,NA,2022-08-24,eDNA freezer bag,-80,Kristel Berg,NA,NA,NA,true,NA,NA,NA,NA,NA,NA,,,EMOBON_ESC68N_Wa_220824_0.2um_3
EMO BON ESC68N Wa 220824 0.2um 4,EMOBON metagenome water sample from station ESC68N collected on 2022-08-24 size fraction 0.2-3um,https://www.ncbi.nlm.nih.gov/taxonomy/browser/wwwtax.cgi?id=1874687,marine plankton metagenome,metagenome,seawater [ENVO:00002149]; coastal sea water [ENVO:00002150]; surface water [ENVO:00002042],2022-08-24,ESC68N_Wa_220824,Kristel Berg,NA,no_tide,2,4,10,fi,0.2-3,3,0.2,true,Niskin,WaSOP1,NA,2022-08-24,eDNA freezer bag,-80,Kristel Berg,NA,NA,NA,true,NA,NA,NA,NA,NA,NA,,,EMOBON_ESC68N_Wa_220824_0.2um_4
EMO BON ESC68N Wa 220824 3um blank,EMOBON metagenome water sample from station ESC68N collected on 2022-08-24 size fraction 3-200um,https://www.ncbi.nlm.nih.gov/taxonomy/browser/wwwtax.cgi?id=32644,unidentified,metagenome,seawater [ENVO:00002149]; coastal sea water [ENVO:00002150]; surface water [ENVO:00002042],2022-08-24,ESC68N_Wa_220824,Kristel Berg,NA,no_tide,2,blank,10,fi,3-200,200,3,true,Niskin,WaSOP1,NA,2022-08-24,eDNA freezer bag,-80,Kristel Berg,NA,NA,NA,true,NA,NA,NA,NA,NA,NA,,,EMOBON_ESC68N_Wa_220824_3um_blank
EMO BON ESC68N Wa 220824 0.2um blank,EMOBON metagenome water sample from station ESC68N collected on 2022-08-24 size fraction 0.2-3um,https://www.ncbi.nlm.nih.gov/taxonomy/browser/wwwtax.cgi?id=32644,unidentified,metagenome,seawater [ENVO:00002149]; coastal sea water [ENVO:00002150]; surface water [ENVO:00002042],2022-08-24,ESC68N_Wa_220824,Kristel Berg,NA,no_tide,2,blank,10,fi,0.2-3,3,0.2,true,Niskin,WaSOP1,NA,2022-08-24,eDNA freezer bag,-80,Kristel Berg,NA,NA,NA,true,NA,NA,NA,NA,NA,NA,,,EMOBON_ESC68N_Wa_220824_0.2um_blank
EMO BON ESC68N Wa 221201 3um 1,EMOBON metagenome water sample from station ESC68N collected on 2022-12-01 size fraction 3-200um,https://www.ncbi.nlm.nih.gov/taxonomy/browser/wwwtax.cgi?id=1874687,marine plankton metagenome,metagenome,seawater [ENVO:00002149]; coastal sea water [ENVO:00002150]; surface water [ENVO:00002042],2022-12-01,ESC68N_Wa_221201,Kristel Berg,NA,no_tide,2,1,10,fi,3-200,200,3,true,Niskin,WaSOP1,NA,2022-12-02,eDNA freezer bag,-80,Kristel Berg,NA,NA,NA,false,2023-06-12,2023-06-14,-70,,,,,,EMOBON_ESC68N_Wa_221201_3um_1
EMO BON ESC68N Wa 221201 3um 2,EMOBON metagenome water sample from station ESC68N collected on 2022-12-01 size fraction 3-200um,https://www.ncbi.nlm.nih.gov/taxonomy/browser/wwwtax.cgi?id=1874687,marine plankton metagenome,metagenome,seawater [ENVO:00002149]; coastal sea water [ENVO:00002150]; surface water [ENVO:00002042],2022-12-01,ESC68N_Wa_221201,Kristel Berg,NA,no_tide,2,2,10,fi,3-200,200,3,true,Niskin,WaSOP1,NA,2022-12-02,eDNA freezer bag,-80,Kristel Berg,NA,NA,NA,false,2023-06-12,2023-06-14,-70,,,,,,EMOBON_ESC68N_Wa_221201_3um_2
EMO BON ESC68N Wa 221201 0.2um 1,EMOBON metagenome water sample from station ESC68N collected on 2022-12-01 size fraction 0.2-3um,https://www.ncbi.nlm.nih.gov/taxonomy/browser/wwwtax.cgi?id=1874687,marine plankton metagenome,metagenome,seawater [ENVO:00002149]; coastal sea water [ENVO:00002150]; surface water [ENVO:00002042],2022-12-01,ESC68N_Wa_221201,Kristel Berg,NA,no_tide,2,1,10,fi,0.2-3,3,0.2,true,Niskin,WaSOP1,NA,2022-12-02,eDNA freezer bag,-80,Kristel Berg,NA,NA,NA,false,2023-06-12,2023-06-14,-70,,,,,,EMOBON_ESC68N_Wa_221201_0.2um_1
EMO BON ESC68N Wa 221201 0.2um 2,EMOBON metagenome water sample from station ESC68N collected on 2022-12-01 size fraction 0.2-3um,https://www.ncbi.nlm.nih.gov/taxonomy/browser/wwwtax.cgi?id=1874687,marine plankton metagenome,metagenome,seawater [ENVO:00002149]; coastal sea water [ENVO:00002150]; surface water [ENVO:00002042],2022-12-01,ESC68N_Wa_221201,Kristel Berg,NA,no_tide,2,2,10,fi,0.2-3,3,0.2,true,Niskin,WaSOP1,NA,2022-12-02,eDNA freezer bag,-80,Kristel Berg,NA,NA,NA,false,2023-06-12,2023-06-14,-70,,,,,,EMOBON_ESC68N_Wa_221201_0.2um_2
EMO BON ESC68N Wa 221201 3um 3,EMOBON metagenome water sample from station ESC68N collected on 2022-12-01 size fraction 3-200um,https://www.ncbi.nlm.nih.gov/taxonomy/browser/wwwtax.cgi?id=1874687,marine plankton metagenome,metagenome,seawater [ENVO:00002149]; coastal sea water [ENVO:00002150]; surface water [ENVO:00002042],2022-12-01,ESC68N_Wa_221201,Kristel Berg,NA,no_tide,2,3,10,fi,3-200,200,3,true,Niskin,WaSOP1,NA,2022-12-02,eDNA freezer bag,-80,Kristel Berg,NA,NA,NA,true,NA,NA,NA,NA,NA,NA,,,EMOBON_ESC68N_Wa_221201_3um_3
EMO BON ESC68N Wa 221201 3um 4,EMOBON metagenome water sample from station ESC68N collected on 2022-12-01 size fraction 3-200um,https://www.ncbi.nlm.nih.gov/taxonomy/browser/wwwtax.cgi?id=1874687,marine plankton metagenome,metagenome,seawater [ENVO:00002149]; coastal sea water [ENVO:00002150]; surface water [ENVO:00002042],2022-12-01,ESC68N_Wa_221201,Kristel Berg,NA,no_tide,2,4,10,fi,3-200,200,3,true,Niskin,WaSOP1,NA,2022-12-02,eDNA freezer bag,-80,Kristel Berg,NA,NA,NA,true,NA,NA,NA,NA,NA,NA,,,EMOBON_ESC68N_Wa_221201_3um_4
EMO BON ESC68N Wa 221201 0.2um 3,EMOBON metagenome water sample from station ESC68N collected on 2022-12-01 size fraction 0.2-3um,https://www.ncbi.nlm.nih.gov/taxonomy/browser/wwwtax.cgi?id=1874687,marine plankton metagenome,metagenome,seawater [ENVO:00002149]; coastal sea water [ENVO:00002150]; surface water [ENVO:00002042],2022-12-01,ESC68N_Wa_221201,Kristel Berg,NA,no_tide,2,3,10,fi,0.2-3,3,0.2,true,Niskin,WaSOP1,NA,2022-12-02,eDNA freezer bag,-80,Kristel Berg,NA,NA,NA,true,NA,NA,NA,NA,NA,NA,,,EMOBON_ESC68N_Wa_221201_0.2um_3
EMO BON ESC68N Wa 221201 0.2um 4,EMOBON metagenome water sample from station ESC68N collected on 2022-12-01 size fraction 0.2-3um,https://www.ncbi.nlm.nih.gov/taxonomy/browser/wwwtax.cgi?id=1874687,marine plankton metagenome,metagenome,seawater [ENVO:00002149]; coastal sea water [ENVO:00002150]; surface water [ENVO:00002042],2022-12-01,ESC68N_Wa_221201,Kristel Berg,NA,no_tide,2,4,10,fi,0.2-3,3,0.2,true,Niskin,WaSOP1,NA,2022-12-02,eDNA freezer bag,-80,Kristel Berg,NA,NA,NA,true,NA,NA,NA,NA,NA,NA,,,EMOBON_ESC68N_Wa_221201_0.2um_4
EMO BON ESC68N Wa 221201 3um blank,EMOBON metagenome water sample from station ESC68N collected on 2022-12-01 size fraction 3-200um,https://www.ncbi.nlm.nih.gov/taxonomy/browser/wwwtax.cgi?id=32644,unidentified,metagenome,seawater [ENVO:00002149]; coastal sea water [ENVO:00002150]; surface water [ENVO:00002042],2022-12-01,ESC68N_Wa_221201,Kristel Berg,NA,no_tide,2,blank,10,fi,3-200,200,3,true,Niskin,WaSOP1,NA,2022-12-02,eDNA freezer bag,-80,Kristel Berg,NA,NA,NA,true,NA,NA,NA,NA,NA,NA,,,EMOBON_ESC68N_Wa_221201_3um_blank
EMO BON ESC68N Wa 221201 0.2um blank,EMOBON metagenome water sample from station ESC68N collected on 2022-12-01 size fraction 0.2-3um,https://www.ncbi.nlm.nih.gov/taxonomy/browser/wwwtax.cgi?id=32644,unidentified,metagenome,seawater [ENVO:00002149]; coastal sea water [ENVO:00002150]; surface water [ENVO:00002042],2022-12-01,ESC68N_Wa_221201,Kristel Berg,NA,no_tide,2,blank,10,fi,0.2-3,3,0.2,true,Niskin,WaSOP1,NA,2022-12-02,eDNA freezer bag,-80,Kristel Berg,NA,NA,NA,true,NA,NA,NA,NA,NA,NA,,,EMOBON_ESC68N_Wa_221201_0.2um_blank
EMO BON ESC68N Wa 230504 3um 1,EMOBON metagenome water sample from station ESC68N collected on 2023-05-04 size fraction 3-200um,https://www.ncbi.nlm.nih.gov/taxonomy/browser/wwwtax.cgi?id=1874687,marine plankton metagenome,metagenome,seawater [ENVO:00002149]; coastal sea water [ENVO:00002150]; surface water [ENVO:00002042],2023-05-04,ESC68N_Wa_230504,Kristel Berg,NA,no_tide,2,1,10,fi,3-200,200,3,true,Niskin,WaSOP1,NA,2023-05-05,eDNA freezer bag,-80,Kristel Berg,NA,NA,NA,false,2023-06-12,2023-06-14,-70,,,,,,EMOBON_ESC68N_Wa_230504_3um_1
EMO BON ESC68N Wa 230504 3um 2,EMOBON metagenome water sample from station ESC68N collected on 2023-05-04 size fraction 3-200um,https://www.ncbi.nlm.nih.gov/taxonomy/browser/wwwtax.cgi?id=1874687,marine plankton metagenome,metagenome,seawater [ENVO:00002149]; coastal sea water [ENVO:00002150]; surface water [ENVO:00002042],2023-05-04,ESC68N_Wa_230504,Kristel Berg,NA,no_tide,2,2,10,fi,3-200,200,3,true,Niskin,WaSOP1,NA,2023-05-05,eDNA freezer bag,-80,Kristel Berg,NA,NA,NA,false,2023-06-12,2023-06-14,-70,,,,,,EMOBON_ESC68N_Wa_230504_3um_2
EMO BON ESC68N Wa 230504 0.2um 1,EMOBON metagenome water sample from station ESC68N collected on 2023-05-04 size fraction 0.2-3um,https://www.ncbi.nlm.nih.gov/taxonomy/browser/wwwtax.cgi?id=1874687,marine plankton metagenome,metagenome,seawater [ENVO:00002149]; coastal sea water [ENVO:00002150]; surface water [ENVO:00002042],2023-05-04,ESC68N_Wa_230504,Kristel Berg,NA,no_tide,2,1,10,fi,0.2-3,3,0.2,true,Niskin,WaSOP1,NA,2023-05-05,eDNA freezer bag,-80,Kristel Berg,NA,NA,NA,false,2023-06-12,2023-06-14,-70,,,,,,EMOBON_ESC68N_Wa_230504_0.2um_1
EMO BON ESC68N Wa 230504 0.2um 2,EMOBON metagenome water sample from station ESC68N collected on 2023-05-04 size fraction 0.2-3um,https://www.ncbi.nlm.nih.gov/taxonomy/browser/wwwtax.cgi?id=1874687,marine plankton metagenome,metagenome,seawater [ENVO:00002149]; coastal sea water [ENVO:00002150]; surface water [ENVO:00002042],2023-05-04,ESC68N_Wa_230504,Kristel Berg,NA,no_tide,2,2,10,fi,0.2-3,3,0.2,true,Niskin,WaSOP1,NA,2023-05-05,eDNA freezer bag,-80,Kristel Berg,NA,NA,NA,false,2023-06-12,2023-06-14,-70,,,,,,EMOBON_ESC68N_Wa_230504_0.2um_2
EMO BON ESC68N Wa 230504 3um 3,EMOBON metagenome water sample from station ESC68N collected on 2023-05-04 size fraction 3-200um,https://www.ncbi.nlm.nih.gov/taxonomy/browser/wwwtax.cgi?id=1874687,marine plankton metagenome,metagenome,seawater [ENVO:00002149]; coastal sea water [ENVO:00002150]; surface water [ENVO:00002042],2023-05-04,ESC68N_Wa_230504,Kristel Berg,NA,no_tide,2,3,10,fi,3-200,200,3,true,Niskin,WaSOP1,NA,2023-05-05,eDNA freezer bag,-80,Kristel Berg,NA,NA,NA,true,NA,NA,NA,NA,NA,NA,,,EMOBON_ESC68N_Wa_230504_3um_3
EMO BON ESC68N Wa 230504 3um 4,EMOBON metagenome water sample from station ESC68N collected on 2023-05-04 size fraction 3-200um,https://www.ncbi.nlm.nih.gov/taxonomy/browser/wwwtax.cgi?id=1874687,marine plankton metagenome,metagenome,seawater [ENVO:00002149]; coastal sea water [ENVO:00002150]; surface water [ENVO:00002042],2023-05-04,ESC68N_Wa_230504,Kristel Berg,NA,no_tide,2,4,10,fi,3-200,200,3,true,Niskin,WaSOP1,NA,2023-05-05,eDNA freezer bag,-80,Kristel Berg,NA,NA,NA,true,NA,NA,NA,NA,NA,NA,,,EMOBON_ESC68N_Wa_230504_3um_4
EMO BON ESC68N Wa 230504 0.2um 3,EMOBON metagenome water sample from station ESC68N collected on 2023-05-04 size fraction 0.2-3um,https://www.ncbi.nlm.nih.gov/taxonomy/browser/wwwtax.cgi?id=1874687,marine plankton metagenome,metagenome,seawater [ENVO:00002149]; coastal sea water [ENVO:00002150]; surface water [ENVO:00002042],2023-05-04,ESC68N_Wa_230504,Kristel Berg,NA,no_tide,2,3,10,fi,0.2-3,3,0.2,true,Niskin,WaSOP1,NA,2023-05-05,eDNA freezer bag,-80,Kristel Berg,NA,NA,NA,true,NA,NA,NA,NA,NA,NA,,,EMOBON_ESC68N_Wa_230504_0.2um_3
EMO BON ESC68N Wa 230504 0.2um 4,EMOBON metagenome water sample from station ESC68N collected on 2023-05-04 size fraction 0.2-3um,https://www.ncbi.nlm.nih.gov/taxonomy/browser/wwwtax.cgi?id=1874687,marine plankton metagenome,metagenome,seawater [ENVO:00002149]; coastal sea water [ENVO:00002150]; surface water [ENVO:00002042],2023-05-04,ESC68N_Wa_230504,Kristel Berg,NA,no_tide,2,4,10,fi,0.2-3,3,0.2,true,Niskin,WaSOP1,NA,2023-05-05,eDNA freezer bag,-80,Kristel Berg,NA,NA,NA,true,NA,NA,NA,NA,NA,NA,,,EMOBON_ESC68N_Wa_230504_0.2um_4
EMO BON ESC68N Wa 230504 3um blank,EMOBON metagenome water sample from station ESC68N collected on 2023-05-04 size fraction 3-200um,https://www.ncbi.nlm.nih.gov/taxonomy/browser/wwwtax.cgi?id=32644,unidentified,metagenome,seawater [ENVO:00002149]; coastal sea water [ENVO:00002150]; surface water [ENVO:00002042],2023-05-04,ESC68N_Wa_230504,Kristel Berg,NA,no_tide,2,blank,10,fi,3-200,200,3,true,Niskin,WaSOP1,NA,2023-05-05,eDNA freezer bag,-80,Kristel Berg,NA,NA,NA,true,NA,NA,NA,NA,NA,NA,,,EMOBON_ESC68N_Wa_230504_3um_blank
EMO BON ESC68N Wa 230504 0.2um blank,EMOBON metagenome water sample from station ESC68N collected on 2023-05-04 size fraction 0.2-3um,https://www.ncbi.nlm.nih.gov/taxonomy/browser/wwwtax.cgi?id=32644,unidentified,metagenome,seawater [ENVO:00002149]; coastal sea water [ENVO:00002150]; surface water [ENVO:00002042],2023-05-04,ESC68N_Wa_230504,Kristel Berg,NA,no_tide,2,blank,10,fi,0.2-3,3,0.2,true,Niskin,WaSOP1,NA,2023-05-05,eDNA freezer bag,-80,Kristel Berg,NA,NA,NA,true,NA,NA,NA,NA,NA,NA,,,EMOBON_ESC68N_Wa_230504_0.2um_blank
EMO BON ESC68N Wa 230615 3um 1,EMOBON metagenome water sample from station ESC68N collected on 2023-06-15 size fraction 3-200um,https://www.ncbi.nlm.nih.gov/taxonomy/browser/wwwtax.cgi?id=1874687,marine plankton metagenome,metagenome,seawater [ENVO:00002149]; coastal sea water [ENVO:00002150]; surface water [ENVO:00002042],2023-06-15,ESC68N_Wa_230615,Kristel Berg,NA,no_tide,2,1,10,fi,3-200,200,3,true,Niskin,WaSOP1,NA,2023-06-16,eDNA freezer bag,,,,,,,2023-09-18,2023-09-22,-70,,,,,,EMOBON_ESC68N_Wa_230615_3um_1
EMO BON ESC68N Wa 230615 3um 2,EMOBON metagenome water sample from station ESC68N collected on 2023-06-15 size fraction 3-200um,https://www.ncbi.nlm.nih.gov/taxonomy/browser/wwwtax.cgi?id=1874687,marine plankton metagenome,metagenome,seawater [ENVO:00002149]; coastal sea water [ENVO:00002150]; surface water [ENVO:00002042],2023-06-15,ESC68N_Wa_230615,Kristel Berg,NA,no_tide,2,2,10,fi,3-200,200,3,true,Niskin,WaSOP1,NA,2023-06-16,eDNA freezer bag,,,,,,,2023-09-18,2023-09-22,-70,,,,,,EMOBON_ESC68N_Wa_230615_3um_2
EMO BON ESC68N Wa 230615 0.2um 1,EMOBON metagenome water sample from station ESC68N collected on 2023-06-15 size fraction 0.2-3um,https://www.ncbi.nlm.nih.gov/taxonomy/browser/wwwtax.cgi?id=1874687,marine plankton metagenome,metagenome,seawater [ENVO:00002149]; coastal sea water [ENVO:00002150]; surface water [ENVO:00002042],2023-06-15,ESC68N_Wa_230615,Kristel Berg,NA,no_tide,2,1,10,fi,0.2-3,3,0.2,true,Niskin,WaSOP1,NA,2023-06-16,eDNA freezer bag,,,,,,,2023-09-18,2023-09-22,-70,,,,,,EMOBON_ESC68N_Wa_230615_0.2um_1
EMO BON ESC68N Wa 230615 0.2um 2,EMOBON metagenome water sample from station ESC68N collected on 2023-06-15 size fraction 0.2-3um,https://www.ncbi.nlm.nih.gov/taxonomy/browser/wwwtax.cgi?id=1874687,marine plankton metagenome,metagenome,seawater [ENVO:00002149]; coastal sea water [ENVO:00002150]; surface water [ENVO:00002042],2023-06-15,ESC68N_Wa_230615,Kristel Berg,NA,no_tide,2,2,10,fi,0.2-3,3,0.2,true,Niskin,WaSOP1,NA,2023-06-16,eDNA freezer bag,,,,,,,2023-09-18,2023-09-22,-70,,,,,,EMOBON_ESC68N_Wa_230615_0.2um_2
EMO BON ESC68N Wa 230615 3um 3,EMOBON metagenome water sample from station ESC68N collected on 2023-06-15 size fraction 3-200um,https://www.ncbi.nlm.nih.gov/taxonomy/browser/wwwtax.cgi?id=1874687,marine plankton metagenome,metagenome,seawater [ENVO:00002149]; coastal sea water [ENVO:00002150]; surface water [ENVO:00002042],2023-06-15,ESC68N_Wa_230615,Kristel Berg,NA,no_tide,2,3,10,fi,3-200,200,3,true,Niskin,WaSOP1,NA,2023-06-16,eDNA freezer bag,,,,,,,NA,NA,NA,NA,NA,NA,NA,NA,EMOBON_ESC68N_Wa_230615_3um_3
EMO BON ESC68N Wa 230615 3um 4,EMOBON metagenome water sample from station ESC68N collected on 2023-06-15 size fraction 3-200um,https://www.ncbi.nlm.nih.gov/taxonomy/browser/wwwtax.cgi?id=1874687,marine plankton metagenome,metagenome,seawater [ENVO:00002149]; coastal sea water [ENVO:00002150]; surface water [ENVO:00002042],2023-06-15,ESC68N_Wa_230615,Kristel Berg,NA,no_tide,2,4,10,fi,3-200,200,3,true,Niskin,WaSOP1,NA,2023-06-16,eDNA freezer bag,,,,,,,NA,NA,NA,NA,NA,NA,NA,NA,EMOBON_ESC68N_Wa_230615_3um_4
EMO BON ESC68N Wa 230615 0.2um 3,EMOBON metagenome water sample from station ESC68N collected on 2023-06-15 size fraction 0.2-3um,https://www.ncbi.nlm.nih.gov/taxonomy/browser/wwwtax.cgi?id=1874687,marine plankton metagenome,metagenome,seawater [ENVO:00002149]; coastal sea water [ENVO:00002150]; surface water [ENVO:00002042],2023-06-15,ESC68N_Wa_230615,Kristel Berg,NA,no_tide,2,3,10,fi,0.2-3,3,0.2,true,Niskin,WaSOP1,NA,2023-06-16,eDNA freezer bag,,,,,,,NA,NA,NA,NA,NA,NA,NA,NA,EMOBON_ESC68N_Wa_230615_0.2um_3
EMO BON ESC68N Wa 230615 0.2um 4,EMOBON metagenome water sample from station ESC68N collected on 2023-06-15 size fraction 0.2-3um,https://www.ncbi.nlm.nih.gov/taxonomy/browser/wwwtax.cgi?id=1874687,marine plankton metagenome,metagenome,seawater [ENVO:00002149]; coastal sea water [ENVO:00002150]; surface water [ENVO:00002042],2023-06-15,ESC68N_Wa_230615,Kristel Berg,NA,no_tide,2,4,10,fi,0.2-3,3,0.2,true,Niskin,WaSOP1,NA,2023-06-16,eDNA freezer bag,,,,,,,NA,NA,NA,NA,NA,NA,NA,NA,EMOBON_ESC68N_Wa_230615_0.2um_4
EMO BON ESC68N Wa 230615 3um blank,EMOBON metagenome water sample from station ESC68N collected on 2023-06-15 size fraction 3-200um,https://www.ncbi.nlm.nih.gov/taxonomy/browser/wwwtax.cgi?id=32644,unidentified,metagenome,seawater [ENVO:00002149]; coastal sea water [ENVO:00002150]; surface water [ENVO:00002042],2023-06-15,ESC68N_Wa_230615,Kristel Berg,NA,no_tide,2,blank,10,fi,3-200,200,3,true,Niskin,WaSOP1,NA,2023-06-16,eDNA freezer bag,,,,,,,2023-09-18,2023-09-22,-70,,,,,,EMOBON_ESC68N_Wa_230615_3um_blank
EMO BON ESC68N Wa 230615 0.2um blank,EMOBON metagenome water sample from station ESC68N collected on 2023-06-15 size fraction 0.2-3um,https://www.ncbi.nlm.nih.gov/taxonomy/browser/wwwtax.cgi?id=32644,unidentified,metagenome,seawater [ENVO:00002149]; coastal sea water [ENVO:00002150]; surface water [ENVO:00002042],2023-06-15,ESC68N_Wa_230615,Kristel Berg,NA,no_tide,2,blank,10,fi,0.2-3,3,0.2,true,Niskin,WaSOP1,NA,2023-06-16,eDNA freezer bag,,,,,,,2023-09-18,2023-09-22,-70,,,,,,EMOBON_ESC68N_Wa_230615_0.2um_blank
,,,,,,,,,,,,,,,,,,,,,,,,,,,,,,,,,,,,,,EMOBON__um_
,,,,,,,,,,,,,,,,,,,,,,,,,,,,,,,,,,,,,,EMOBON__um_
,,,,,,,,,,,,,,,,,,,,,,,,,,,,,,,,,,,,,,EMOBON__um_
,,,,,,,,,,,,,,,,,,,,,,,,,,,,,,,,,,,,,,EMOBON__um_
,,,,,,,,,,,,,,,,,,,,,,,,,,,,,,,,,,,,,,EMOBON__um_
,,,,,,,,,,,,,,,,,,,,,,,,,,,,,,,,,,,,,,EMOBON__um_
,,,,,,,,,,,,,,,,,,,,,,,,,,,,,,,,,,,,,,EMOBON__um_
,,,,,,,,,,,,,,,,,,,,,,,,,,,,,,,,,,,,,,EMOBON__um_
,,,,,,,,,,,,,,,,,,,,,,,,,,,,,,,,,,,,,,EMOBON__um_
,,,,,,,,,,,,,,,,,,,,,,,,,,,,,,,,,,,,,,EMOBON__um_
,,,,,,,,,,,,,,,,,,,,,,,,,,,,,,,,,,,,,,EMOBON__um_
,,,,,,,,,,,,,,,,,,,,,,,,,,,,,,,,,,,,,,EMOBON__um_
,,,,,,,,,,,,,,,,,,,,,,,,,,,,,,,,,,,,,,EMOBON__um_
,,,,,,,,,,,,,,,,,,,,,,,,,,,,,,,,,,,,,,EMOBON__um_
,,,,,,,,,,,,,,,,,,,,,,,,,,,,,,,,,,,,,,EMOBON__um_
,,,,,,,,,,,,,,,,,,,,,,,,,,,,,,,,,,,,,,EMOBON__um_
,,,,,,,,,,,,,,,,,,,,,,,,,,,,,,,,,,,,,,EMOBON__um_
,,,,,,,,,,,,,,,,,,,,,,,,,,,,,,,,,,,,,,EMOBON__um_
,,,,,,,,,,,,,,,,,,,,,,,,,,,,,,,,,,,,,,EMOBON__um_
,,,,,,,,,,,,,,,,,,,,,,,,,,,,,,,,,,,,,,EMOBON__um_
,,,,,,,,,,,,,,,,,,,,,,,,,,,,,,,,,,,,,,EMOBON__um_
,,,,,,,,,,,,,,,,,,,,,,,,,,,,,,,,,,,,,,EMOBON__um_
,,,,,,,,,,,,,,,,,,,,,,,,,,,,,,,,,,,,,,EMOBON__um_
,,,,,,,,,,,,,,,,,,,,,,,,,,,,,,,,,,,,,,EMOBON__um_
,,,,,,,,,,,,,,,,,,,,,,,,,,,,,,,,,,,,,,EMOBON__um_
,,,,,,,,,,,,,,,,,,,,,,,,,,,,,,,,,,,,,,EMOBON__um_
,,,,,,,,,,,,,,,,,,,,,,,,,,,,,,,,,,,,,,EMOBON__um_
,,,,,,,,,,,,,,,,,,,,,,,,,,,,,,,,,,,,,,EMOBON__um_
,,,,,,,,,,,,,,,,,,,,,,,,,,,,,,,,,,,,,,EMOBON__um_
,,,,,,,,,,,,,,,,,,,,,,,,,,,,,,,,,,,,,,EMOBON__um_
,,,,,,,,,,,,,,,,,,,,,,,,,,,,,,,,,,,,,,EMOBON__um_
,,,,,,,,,,,,,,,,,,,,,,,,,,,,,,,,,,,,,,EMOBON__um_
,,,,,,,,,,,,,,,,,,,,,,,,,,,,,,,,,,,,,,EMOBON__um_
,,,,,,,,,,,,,,,,,,,,,,,,,,,,,,,,,,,,,,EMOBON__um_
,,,,,,,,,,,,,,,,,,,,,,,,,,,,,,,,,,,,,,EMOBON__um_
,,,,,,,,,,,,,,,,,,,,,,,,,,,,,,,,,,,,,,EMOBON__um_
,,,,,,,,,,,,,,,,,,,,,,,,,,,,,,,,,,,,,,EMOBON__um_
,,,,,,,,,,,,,,,,,,,,,,,,,,,,,,,,,,,,,,EMOBON__um_
,,,,,,,,,,,,,,,,,,,,,,,,,,,,,,,,,,,,,,EMOBON__um_
,,,,,,,,,,,,,,,,,,,,,,,,,,,,,,,,,,,,,,EMOBON__um_
,,,,,,,,,,,,,,,,,,,,,,,,,,,,,,,,,,,,,,EMOBON__um_
,,,,,,,,,,,,,,,,,,,,,,,,,,,,,,,,,,,,,,EMOBON__um_
,,,,,,,,,,,,,,,,,,,,,,,,,,,,,,,,,,,,,,EMOBON__um_
,,,,,,,,,,,,,,,,,,,,,,,,,,,,,,,,,,,,,,EMOBON__um_
,,,,,,,,,,,,,,,,,,,,,,,,,,,,,,,,,,,,,,EMOBON__um_
,,,,,,,,,,,,,,,,,,,,,,,,,,,,,,,,,,,,,,EMOBON__um_
,,,,,,,,,,,,,,,,,,,,,,,,,,,,,,,,,,,,,,EMOBON__um_
,,,,,,,,,,,,,,,,,,,,,,,,,,,,,,,,,,,,,,EMOBON__um_
,,,,,,,,,,,,,,,,,,,,,,,,,,,,,,,,,,,,,,EMOBON__um_
,,,,,,,,,,,,,,,,,,,,,,,,,,,,,,,,,,,,,,EMOBON__um_
,,,,,,,,,,,,,,,,,,,,,,,,,,,,,,,,,,,,,,EMOBON__um_
,,,,,,,,,,,,,,,,,,,,,,,,,,,,,,,,,,,,,,EMOBON__um_
,,,,,,,,,,,,,,,,,,,,,,,,,,,,,,,,,,,,,,EMOBON__um_
,,,,,,,,,,,,,,,,,,,,,,,,,,,,,,,,,,,,,,EMOBON__um_
,,,,,,,,,,,,,,,,,,,,,,,,,,,,,,,,,,,,,,EMOBON__um_
,,,,,,,,,,,,,,,,,,,,,,,,,,,,,,,,,,,,,,EMOBON__um_
,,,,,,,,,,,,,,,,,,,,,,,,,,,,,,,,,,,,,,EMOBON__um_
,,,,,,,,,,,,,,,,,,,,,,,,,,,,,,,,,,,,,,EMOBON__um_
,,,,,,,,,,,,,,,,,,,,,,,,,,,,,,,,,,,,,,EMOBON__um_
,,,,,,,,,,,,,,,,,,,,,,,,,,,,,,,,,,,,,,EMOBON__um_
,,,,,,,,,,,,,,,,,,,,,,,,,,,,,,,,,,,,,,EMOBON__um_
,,,,,,,,,,,,,,,,,,,,,,,,,,,,,,,,,,,,,,EMOBON__um_
,,,,,,,,,,,,,,,,,,,,,,,,,,,,,,,,,,,,,,EMOBON__um_
,,,,,,,,,,,,,,,,,,,,,,,,,,,,,,,,,,,,,,EMOBON__um_
,,,,,,,,,,,,,,,,,,,,,,,,,,,,,,,,,,,,,,EMOBON__um_
,,,,,,,,,,,,,,,,,,,,,,,,,,,,,,,,,,,,,,EMOBON__um_
,,,,,,,,,,,,,,,,,,,,,,,,,,,,,,,,,,,,,,EMOBON__um_
,,,,,,,,,,,,,,,,,,,,,,,,,,,,,,,,,,,,,,EMOBON__um_
,,,,,,,,,,,,,,,,,,,,,,,,,,,,,,,,,,,,,,EMOBON__um_
,,,,,,,,,,,,,,,,,,,,,,,,,,,,,,,,,,,,,,EMOBON__um_
,,,,,,,,,,,,,,,,,,,,,,,,,,,,,,,,,,,,,,EMOBON__um_
,,,,,,,,,,,,,,,,,,,,,,,,,,,,,,,,,,,,,,EMOBON__um_
,,,,,,,,,,,,,,,,,,,,,,,,,,,,,,,,,,,,,,EMOBON__um_
,,,,,,,,,,,,,,,,,,,,,,,,,,,,,,,,,,,,,,EMOBON__um_
,,,,,,,,,,,,,,,,,,,,,,,,,,,,,,,,,,,,,,EMOBON__um_
,,,,,,,,,,,,,,,,,,,,,,,,,,,,,,,,,,,,,,EMOBON__um_
,,,,,,,,,,,,,,,,,,,,,,,,,,,,,,,,,,,,,,EMOBON__um_
,,,,,,,,,,,,,,,,,,,,,,,,,,,,,,,,,,,,,,EMOBON__um_
,,,,,,,,,,,,,,,,,,,,,,,,,,,,,,,,,,,,,,EMOBON__um_
,,,,,,,,,,,,,,,,,,,,,,,,,,,,,,,,,,,,,,EMOBON__um_
,,,,,,,,,,,,,,,,,,,,,,,,,,,,,,,,,,,,,,EMOBON__um_
,,,,,,,,,,,,,,,,,,,,,,,,,,,,,,,,,,,,,,EMOBON__um_
,,,,,,,,,,,,,,,,,,,,,,,,,,,,,,,,,,,,,,EMOBON__um_
,,,,,,,,,,,,,,,,,,,,,,,,,,,,,,,,,,,,,,EMOBON__um_
,,,,,,,,,,,,,,,,,,,,,,,,,,,,,,,,,,,,,,EMOBON__um_
,,,,,,,,,,,,,,,,,,,,,,,,,,,,,,,,,,,,,,EMOBON__um_
,,,,,,,,,,,,,,,,,,,,,,,,,,,,,,,,,,,,,,EMOBON__um_
,,,,,,,,,,,,,,,,,,,,,,,,,,,,,,,,,,,,,,EMOBON__um_
,,,,,,,,,,,,,,,,,,,,,,,,,,,,,,,,,,,,,,EMOBON__um_
,,,,,,,,,,,,,,,,,,,,,,,,,,,,,,,,,,,,,,EMOBON__um_
,,,,,,,,,,,,,,,,,,,,,,,,,,,,,,,,,,,,,,EMOBON__um_
,,,,,,,,,,,,,,,,,,,,,,,,,,,,,,,,,,,,,,EMOBON__um_
,,,,,,,,,,,,,,,,,,,,,,,,,,,,,,,,,,,,,,EMOBON__um_
,,,,,,,,,,,,,,,,,,,,,,,,,,,,,,,,,,,,,,EMOBON__um_
,,,,,,,,,,,,,,,,,,,,,,,,,,,,,,,,,,,,,,EMOBON__um_
,,,,,,,,,,,,,,,,,,,,,,,,,,,,,,,,,,,,,,EMOBON__um_
,,,,,,,,,,,,,,,,,,,,,,,,,,,,,,,,,,,,,,EMOBON__um_
,,,,,,,,,,,,,,,,,,,,,,,,,,,,,,,,,,,,,,EMOBON__um_
,,,,,,,,,,,,,,,,,,,,,,,,,,,,,,,,,,,,,,EMOBON__um_
,,,,,,,,,,,,,,,,,,,,,,,,,,,,,,,,,,,,,,EMOBON__um_
,,,,,,,,,,,,,,,,,,,,,,,,,,,,,,,,,,,,,,EMOBON__um_
,,,,,,,,,,,,,,,,,,,,,,,,,,,,,,,,,,,,,,EMOBON__um_
,,,,,,,,,,,,,,,,,,,,,,,,,,,,,,,,,,,,,,EMOBON__um_
,,,,,,,,,,,,,,,,,,,,,,,,,,,,,,,,,,,,,,EMOBON__um_
,,,,,,,,,,,,,,,,,,,,,,,,,,,,,,,,,,,,,,EMOBON__um_
,,,,,,,,,,,,,,,,,,,,,,,,,,,,,,,,,,,,,,EMOBON__um_
,,,,,,,,,,,,,,,,,,,,,,,,,,,,,,,,,,,,,,EMOBON__um_
,,,,,,,,,,,,,,,,,,,,,,,,,,,,,,,,,,,,,,EMOBON__um_
,,,,,,,,,,,,,,,,,,,,,,,,,,,,,,,,,,,,,,EMOBON__um_
,,,,,,,,,,,,,,,,,,,,,,,,,,,,,,,,,,,,,,EMOBON__um_
,,,,,,,,,,,,,,,,,,,,,,,,,,,,,,,,,,,,,,EMOBON__um_
,,,,,,,,,,,,,,,,,,,,,,,,,,,,,,,,,,,,,,EMOBON__um_
,,,,,,,,,,,,,,,,,,,,,,,,,,,,,,,,,,,,,,EMOBON__um_
,,,,,,,,,,,,,,,,,,,,,,,,,,,,,,,,,,,,,,EMOBON__um_
,,,,,,,,,,,,,,,,,,,,,,,,,,,,,,,,,,,,,,EMOBON__um_
,,,,,,,,,,,,,,,,,,,,,,,,,,,,,,,,,,,,,,EMOBON__um_
,,,,,,,,,,,,,,,,,,,,,,,,,,,,,,,,,,,,,,EMOBON__um_
,,,,,,,,,,,,,,,,,,,,,,,,,,,,,,,,,,,,,,EMOBON__um_
,,,,,,,,,,,,,,,,,,,,,,,,,,,,,,,,,,,,,,EMOBON__um_
,,,,,,,,,,,,,,,,,,,,,,,,,,,,,,,,,,,,,,EMOBON__um_
,,,,,,,,,,,,,,,,,,,,,,,,,,,,,,,,,,,,,,EMOBON__um_
,,,,,,,,,,,,,,,,,,,,,,,,,,,,,,,,,,,,,,EMOBON__um_
,,,,,,,,,,,,,,,,,,,,,,,,,,,,,,,,,,,,,,EMOBON__um_
,,,,,,,,,,,,,,,,,,,,,,,,,,,,,,,,,,,,,,EMOBON__um_
,,,,,,,,,,,,,,,,,,,,,,,,,,,,,,,,,,,,,,EMOBON__um_
,,,,,,,,,,,,,,,,,,,,,,,,,,,,,,,,,,,,,,EMOBON__um_
,,,,,,,,,,,,,,,,,,,,,,,,,,,,,,,,,,,,,,EMOBON__um_
,,,,,,,,,,,,,,,,,,,,,,,,,,,,,,,,,,,,,,EMOBON__um_
,,,,,,,,,,,,,,,,,,,,,,,,,,,,,,,,,,,,,,EMOBON__um_
,,,,,,,,,,,,,,,,,,,,,,,,,,,,,,,,,,,,,,EMOBON__um_
,,,,,,,,,,,,,,,,,,,,,,,,,,,,,,,,,,,,,,EMOBON__um_
,,,,,,,,,,,,,,,,,,,,,,,,,,,,,,,,,,,,,,EMOBON__um_
,,,,,,,,,,,,,,,,,,,,,,,,,,,,,,,,,,,,,,EMOBON__um_
,,,,,,,,,,,,,,,,,,,,,,,,,,,,,,,,,,,,,,EMOBON__um_
,,,,,,,,,,,,,,,,,,,,,,,,,,,,,,,,,,,,,,EMOBON__um_
,,,,,,,,,,,,,,,,,,,,,,,,,,,,,,,,,,,,,,EMOBON__um_
,,,,,,,,,,,,,,,,,,,,,,,,,,,,,,,,,,,,,,EMOBON__um_
,,,,,,,,,,,,,,,,,,,,,,,,,,,,,,,,,,,,,,EMOBON__um_
,,,,,,,,,,,,,,,,,,,,,,,,,,,,,,,,,,,,,,EMOBON__um_
,,,,,,,,,,,,,,,,,,,,,,,,,,,,,,,,,,,,,,EMOBON__um_
,,,,,,,,,,,,,,,,,,,,,,,,,,,,,,,,,,,,,,EMOBON__um_
,,,,,,,,,,,,,,,,,,,,,,,,,,,,,,,,,,,,,,EMOBON__um_
,,,,,,,,,,,,,,,,,,,,,,,,,,,,,,,,,,,,,,EMOBON__um_
,,,,,,,,,,,,,,,,,,,,,,,,,,,,,,,,,,,,,,EMOBON__um_
